CÓDIGO,CST 00,CST 10,CST 20,CST 30,CST 40,CST 41,CST 50,CST 51,CST 60,CST 70,CST 90,DT INÍCIO,DT FINAL,DESCRIÇÃO,OBSERVAÇÃO,col_16
NULO,SIM,SIM,,,,,,,SIM,,SIM,2018-08-01 00:00:00,,SEM PREENCHIMENTO do cBenef,,
SEM CBENEF,,,,,,,,,,,SIM,2018-08-01 00:00:00,,Item sem cBenef e UF exige cBenef para o CST,"Informar a tag, preenchendo com o literal SEM CBENEF",
PR800000,,,,SIM,,SIM,,,,,,1082018,,Imunidade ou não incidência do imposto reconhecida judicialmente,Imunidade ou não incidência,
PR800001,,,,,,SIM,,,,,,1082018,,Não incidência de que trata o inciso I do “caput” do art. 3º do RICMS/2017,Imunidade ou não incidência,
PR800002,,,,,,SIM,,,,,,1082018,,Não incidência de que trata o inciso II do “caput” do art. 3º do RICMS/2017,Imunidade ou não incidência,
PR800003,,,,SIM,,SIM,,,,,,1082018,,Não incidência de que trata o inciso III do “caput” do art. 3º do RICMS/2017,Imunidade ou não incidência,
PR800004,,,,,,SIM,,,,,,1082018,,Não incidência de que trata o inciso IV do “caput” do art. 3º do RICMS/2017,Imunidade ou não incidência,
PR800005,,,,,,SIM,,,,,,1082018,,Não incidência de que trata o inciso V do “caput” do art. 3º do RICMS/2017,Imunidade ou não incidência,
PR800006,,,,,,SIM,,,,,,1082018,,Não incidência de que trata o inciso VI do “caput” do art. 3º do RICMS/2017,Imunidade ou não incidência,
PR800007,,,,,,SIM,,,,,,1082018,,Não incidência de que trata o inciso VII do “caput” do art. 3º do RICMS/2017,Imunidade ou não incidência,
PR800008,,,,,,SIM,,,,,,1082018,,Não incidência de que trata o inciso VIII do “caput” do art. 3º do RICMS/2017,Imunidade ou não incidência,
PR800009,,,,,,SIM,,,,,,1082018,,Não incidência de que trata o inciso IX do “caput” do art. 3º do RICMS/2017,Imunidade ou não incidência,
PR800010,,,,,,SIM,,,,,,1082018,,Não incidência de que trata o inciso X do “caput” do art. 3º do RICMS/2017,Imunidade ou não incidência,
PR800011,,,,,,SIM,,,,,,1082018,,Não incidência de que trata o inciso XI do “caput” do art. 3º do RICMS/2017,Imunidade ou não incidência,
PR800012,,,,,,SIM,,,,,,1082018,,Não incidência de que trata o inciso XIII do “caput” do art. 3º do RICMS/2017,Imunidade ou não incidência,
PR800013,,,,,,SIM,,,,,,1082018,,Não incidência de que trata o inciso XIV do “caput” do art. 3º do RICMS/2017,Imunidade ou não incidência,
PR800014,,,,,,SIM,,,,,,1082018,,Não incidência de que trata o inciso XV do “caput” do art. 3º do RICMS/2017,Imunidade ou não incidência,
PR800015,,,,,,SIM,,,,,,1082018,,Não incidência de que trata o inciso I do parágrafo único do art. 3º do RICMS/2017,Imunidade ou não incidência,
PR800016,,,,,,SIM,,,,,,1082018,,Não incidência de que trata o inciso II do parágrafo único do art. 3º do RICMS/2017,Imunidade ou não incidência,
PR800017,,,,,,SIM,,,,,,1082018,,Não incidência de que trata o inciso XII do “caput” do art. 3º do RICMS/2017,Imunidade ou não incidência,
PR800018,,,,,,SIM,,,,,,9092019,,Sem destaque do ICMS conforme art. 140 do RICMS/2017,Não tributado,
PR800019,,,,,,SIM,,,,,,9092019,,Sem destaque do ICMS conforme  inciso II do § 3º do art. 237 e art. 13 do Anexo VIII do RICMS/2017,Não tributado,
PR800020,,,,,,SIM,,,,,,9092019,,Sem destaque do ICMS conforme § 5º do art. 237  do RICMS/2017,Não tributado,
PR800021,,,,,,SIM,,,,,,9092019,,Sem destaque do ICMS conforme alínea 'b' do inciso I do § 11 do art. 237  do RICMS/2017,Não tributado,
PR800022,,,,,,SIM,,,,,,9092019,,Sem destaque do ICMS conforme § 2º do art. 395  do RICMS/2017,Não tributado,
PR800023,,,,,,SIM,,,,,,9092019,,Sem destaque do ICMS conforme  inciso I do art. 397  do RICMS/2017,Não tributado,
PR800024,,,,,,SIM,,,,,,9092019,,Sem destaque do ICMS conforme  § 1º do art. 411  do RICMS/2017,Não tributado,
PR800025,,,,,,SIM,,,,,,9092019,,Sem destaque do ICMS conforme  inciso II do § 2º do art. 411  do RICMS/2017,Não tributado,
PR800026,,,,,,SIM,,,,,,9092019,,Sem destaque do ICMS conforme inciso II do art. 415 do RICMS/2017,Não tributado,
PR800027,,,,,,SIM,,,,,,9092019,,Sem destaque do ICMS conforme inciso II do art. 416 do RICMS/2017,Não tributado,
PR800028,,,,,,SIM,,,,,,9092019,,Sem destaque do ICMS conforme art. 419 do RICMS/2017,Não tributado,
PR800029,,,,,,SIM,,,,,,9092019,,Sem destaque do ICMS conforme  alínea 'b' do inciso I do art. 425  do RICMS/2017,Não tributado,
PR800030,,,,,,SIM,,,,,,9092019,,Sem destaque do ICMS conforme  inciso II do art. 425  do RICMS/2017,Não tributado,
PR800031,,,,,,SIM,,,,,,9092019,,Sem destaque do ICMS conforme  alínea 'a' do inciso I do art. 430  do RICMS/2017,Não tributado,
PR800032,,,,,,SIM,,,,,,9092019,,Sem destaque do ICMS conforme inciso II do art. 430  do RICMS/2017,Não tributado,
PR800033,,,,,,SIM,,,,,,9092019,,Sem destaque do ICMS conforme  art. 439  do RICMS/2017,Não tributado,
PR800034,,,,,,SIM,,,,,,9092019,,Sem destaque do ICMS conforme  § 3º do art. 440  do RICMS/2017,Não tributado,
PR800035,,,,,,SIM,,,,,,9092019,,Sem destaque do ICMS conforme art. 472 do RICMS/2017,Não tributado,
PR800036,,,,,,SIM,,,,,,9092019,,Sem destaque do ICMS conforme inciso I do art. 497 e alínea 'a' do inciso II do art. 499 do RICMS/2017,Não tributado,
PR800037,,,,,,SIM,,,,,,9092019,,Sem destaque do ICMS conforme alínea 'a' do inciso I do § 1º  art. 497 e alínea 'c' do inciso II do art. 499 do RICMS/2017,Não tributado,
PR800038,,,,,,SIM,,,,,,9092019,,Sem destaque do ICMS conforme alínea 'b' do inciso II do art. 499 e  inciso II do art. 499-A do RICMS/2017,Não tributado,
PR800039,,,,,,SIM,,,,,,9092019,,Sem destaque do ICMS conforme art. 518 do RICMS/2017,Não tributado,
PR800040,,,,,,SIM,,,,,,9092019,,Sem destaque do ICMS conforme inciso I do art. 518 do RICMS/2017,Não tributado,
PR800041,,,,,,SIM,,,,,,9092019,,Sem destaque do ICMS conforme arts. 538 e 539 do RICMS/2017,Não tributado,
PR800042,,,,,,SIM,,,,,,9092019,,"Sem destaque do ICMS conforme art. 578, 'caput' do RICMS/2017",Não tributado,
PR800043,,,,,,SIM,,,,,,9092019,,"Sem destaque do ICMS conforme art. 578, § 4º, inciso II, item 2, do RICMS/2017",Não tributado,
PR800044,,,,,,SIM,,,,,,9092019,,"Sem destaque do ICMS conforme Anexo VIII, arts. 8º, inciso I, alínea 'c', e 9º, inciso I, do RICMS/2017",Não tributado,
PR800045,,,,,,SIM,,,,,,9092019,,"Sem destaque do ICMS conforme Anexo IV, Subanexo II, arts. 31 e 33,do RICMS/2017",Não tributado,
PR800046,,,,SIM,,SIM,,,,,,9092019,,"Sem destaque do ICMS conforme Anexo IV, Subanexo I, art.14, do RICMS/2017",Não tributado,
PR800047,,,,,,SIM,,,,,,1122019,,"Imunidade por se tratar de operação equiparada a exportação, descrita no item 50 do Anexo V do RICMS/2017, conforme Consulta nº 052/2018 do Setor Consultivo da REPR.",Imunidade,
PR809997,,,,,,SIM,,,,,,1122019,,Não incidência reconhecida em solução de consulta do Setor Consultivo da REPR/IGT,Não tributado,
PR809998,,,, ,,SIM,,,,,,9092019,,Operação ou prestação não tributada sem código específico,Imunidade ou não incidência,
PR809999,,,,SIM,,SIM,,,,,,1082018,,Não Incidência prevista em regime especial e/ou programa de incentivo,Isenção,
PR810000,,,,SIM,SIM,,,,,,,1082018,,Isenção do pagamento do imposto reconhecida judicialmente,Isenção,
PR810001,,,,,SIM,,,,,,,1082018,,Isenção prevista no item 1 do Anexo V do RICMS/2017,Isenção,
PR810002,,,,,SIM,,,,,,,1082018,,Isenção prevista no item 2 do Anexo V do RICMS/2017,Isenção,
PR810003,,,,,SIM,,,,,,,1082018,,Isenção prevista no item 3 do Anexo V do RICMS/2017,Isenção,
PR810004,,,,,SIM,,,,,,,1082018,,Isenção prevista no item 4 do Anexo V do RICMS/2017,Isenção,
PR810005,,,,,SIM,,,,,,,1082018,,Isenção prevista no item 5 do Anexo V do RICMS/2017,Isenção,
PR810006,,,,,SIM,,,,,,,1082018,,Isenção prevista no item 6 do Anexo V do RICMS/2017,Isenção,
PR810007,,,,,SIM,,,,,,,1082018,,Isenção prevista no item 7 do Anexo V do RICMS/2017,Isenção,
PR810008,,,,,SIM,,,,,,,1082018,,Isenção prevista no item 8 do Anexo V do RICMS/2017,Isenção,
PR810009,,,,,SIM,,,,,,,1082018,,Isenção prevista no item 9 do Anexo V do RICMS/2017,Isenção,
PR810010,,,,,SIM,,,,,,,1082018,,Isenção prevista no item 10 do Anexo V do RICMS/2017,Isenção,
PR810011,,,,,SIM,,,,,,,1082018,,Isenção prevista no item 11 do Anexo V do RICMS/2017,Isenção,
PR810012,,,,,SIM,,,,,,,1082018,,Isenção prevista no item 12 do Anexo V do RICMS/2017,Isenção,
PR810013,,,,,SIM,,,,,,,1082018,,Isenção prevista no item 13 do Anexo V do RICMS/2017,Isenção,
PR810014,,,,,SIM,,,,,,,1082018,,Isenção prevista no item 14 do Anexo V do RICMS/2017,Isenção,
PR810015,,,,,SIM,,,,,,,1082018,,Isenção prevista no item 15 do Anexo V do RICMS/2017,Isenção,
PR810016,,,,,SIM,,,,,,,1082018,,Isenção prevista no item 16 do Anexo V do RICMS/2017,Isenção,
PR810017,,,,,SIM,,,,,,,1082018,,Isenção prevista no item 17 do Anexo V do RICMS/2017,Isenção,
PR810018,,,,,SIM,,,,,,,1082018,,Isenção prevista no item 18 do Anexo V do RICMS/2017,Isenção,
PR810019,,,,,SIM,,,,,,,1082018,,Isenção prevista no item 19 do Anexo V do RICMS/2017,Isenção,
PR810020,,,,,SIM,,,,,,,1082018,,Isenção prevista no item 20 do Anexo V do RICMS/2017,Isenção,
PR810021,,,,,SIM,,,,,,,1082018,,Isenção prevista no item 21 do Anexo V do RICMS/2017 e no art. 1º da Lei nº 14.978/2005,Isenção,
PR810022,,,,,SIM,,,,,,,1082018,,Isenção prevista no item 22 do Anexo V do RICMS/2017,Isenção,
PR810023,,,,,SIM,,,,,,,1082018,,Isenção prevista no item 23 do Anexo V do RICMS/2017,Isenção,
PR810024,,,,,SIM,,,,,,,1082018,,Isenção prevista no item 24 do Anexo V do RICMS/2017,Isenção,
PR810025,,,,,SIM,,,,,,,1082018,,Isenção prevista no item 25 do Anexo V do RICMS/2017,Isenção,
PR810026,,,,SIM,SIM,,,,,,,1082018,,Isenção prevista no item 26 do Anexo V do RICMS/2017,Isenção,
PR810027,,,,,SIM,,,,,,,1082018,,Isenção prevista no item 27 do Anexo V do RICMS/2017,Isenção,
PR810028,,,,,SIM,,,,,,,1082018,,Isenção prevista no item 28 do Anexo V do RICMS/2017,Isenção,
PR810029,,,,,SIM,,,,,,,1082018,,Isenção prevista no item 29 do Anexo V do RICMS/2017,Isenção,
PR810030,,,,,SIM,,,,,,,1082018,,Isenção prevista no item 30 do Anexo V do RICMS/2017,Isenção,
PR810031,,,,,SIM,,,,,,,1082018,,Isenção prevista no item 31 do Anexo V do RICMS/2017,Isenção,
PR810032,,,,,SIM,,,,,,,1082018,,Isenção prevista no item 32 do Anexo V do RICMS/2017,Isenção,
PR810033,,,,,SIM,,,,,,,1082018,,Isenção prevista no item 33 do Anexo V do RICMS/2017,Isenção,
PR810034,,,,,SIM,,,,,,,1082018,,Isenção prevista no item 34 do Anexo V do RICMS/2017,Isenção,
PR810035,,,,,SIM,,,,,,,1082018,,Isenção prevista no item 35 do Anexo V do RICMS/2017,Isenção,
PR810036,,,,,SIM,,,,,,,1082018,,Isenção prevista no item 36 do Anexo V do RICMS/2017,Isenção,
PR810037,,,,,SIM,,,,,,,1082018,,Isenção prevista no item 37 do Anexo V do RICMS/2017 e no art. 1º da Lei nº 14.773/2005,Isenção,
PR810038,,,,,SIM,,,,,,,1082018,,Isenção prevista no item 38 do Anexo V do RICMS/2017,Isenção,
PR810039,,,,,SIM,,,,,,,1082018,,Isenção prevista no item 39 do Anexo V do RICMS/2017,Isenção,
PR810040,,,,,SIM,,,,,,,1082018,,Isenção prevista no item 40 do Anexo V do RICMS/2017,Isenção,
PR810041,,,,,SIM,,,,,,,1082018,,Isenção prevista no item 41 do Anexo V do RICMS/2017,Isenção,
PR810042,,,,,SIM,,,,,,,1082018,,Isenção prevista no item 42 do Anexo V do RICMS/2017,Isenção,
PR810043,,,,,SIM,,,,,,,1082018,,Isenção prevista no item 43 do Anexo V do RICMS/2017,Isenção,
PR810044,,,,,SIM,,,,,,,1082018,,Isenção prevista no item 44 do Anexo V do RICMS/2017,Isenção,
PR810045,,,,,SIM,,,,,,,1082018,,Isenção prevista no item 45 do Anexo V do RICMS/2017,Isenção,
PR810046,,,,,SIM,,,,,,,1082018,,Isenção prevista no item 46 do Anexo V do RICMS/2017,Isenção,
PR810047,,,,,SIM,,,,,,,1082018,,Isenção prevista no item 47 do Anexo V do RICMS/2017,Isenção,
PR810048,,,,,SIM,,,,,,,1082018,,Isenção prevista no item 48 do Anexo V do RICMS/2017,Isenção,
PR810049,,,,,SIM,,,,,,,1082018,,Isenção prevista no item 49 do Anexo V do RICMS/2017,Isenção,
PR810050,,,,,SIM,,,,,,,1082018,2019-12-01 00:00:00,Isenção prevista no item 50 do Anexo V do RICMS/2017,Isenção,
PR810051,,,,,SIM,,,,,,,1082018,,Isenção prevista no item 51 do Anexo V do RICMS/2017,Isenção,
PR810052,,,,,SIM,,,,,,,1082018,,Isenção prevista no item 52 do Anexo V do RICMS/2017,Isenção,
PR810053,,,,,SIM,,,,,,,1082018,,Isenção prevista no item 53 do Anexo V do RICMS/2017,Isenção,
PR810054,,,,SIM,SIM,,,,,,,1082018,,Isenção prevista no item 54 do Anexo V do RICMS/2017,Isenção,
PR810055,,,,,SIM,,,,,,,1082018,,Isenção prevista no item 55 do Anexo V do RICMS/2017,Isenção,
PR810056,,,,,SIM,,,,,,,1082018,,Isenção prevista no item 56 do Anexo V do RICMS/2017,Isenção,
PR810057,,,,,SIM,,,,,,,1082018,,Isenção prevista no item 57 do Anexo V do RICMS/2017,Isenção,
PR810058,,,,,SIM,,,,,,,1082018,,Isenção prevista no item 58 do Anexo V do RICMS/2017 e no art. 1º da Lei nº 14.959/2005,Isenção,
PR810059,,,,,SIM,,,,,,,1082018,,Isenção prevista no item 59 do Anexo V do RICMS/2017,Isenção,
PR810060,,,,,SIM,,,,,,,1082018,,Isenção prevista no item 60 do Anexo V do RICMS/2017,Isenção,
PR810061,,,,,SIM,,,,,,,1082018,,Isenção prevista no item 61 do Anexo V do RICMS/2017,Isenção,
PR810062,,,,,SIM,,,,,,,1082018,,Isenção prevista no item 62 do Anexo V do RICMS/2017,Isenção,
PR810063,,,,,SIM,,,,,,,1082018,,Isenção prevista no item 63 do Anexo V do RICMS/2017,Isenção,
PR810064,,,,,SIM,,,,,,,1082018,,Isenção prevista no item 64 do Anexo V do RICMS/2017,Isenção,
PR810065,,,,,SIM,,,,,,,1082018,,Isenção prevista no item 65 do Anexo V do RICMS/2017,Isenção,
PR810066,,,,,SIM,,,,,,,1082018,,Isenção prevista no item 66 do Anexo V do RICMS/2017,Isenção,
PR810067,,,,,SIM,,,,,,,1082018,,Isenção prevista no item 67 do Anexo V do RICMS/2017,Isenção,
PR810068,,,,,SIM,,,,,,,1082018,,Isenção prevista no item 68 do Anexo V do RICMS/2017,Isenção,
PR810069,,,,,SIM,,,,,,,1082018,,Isenção prevista no item 69 do Anexo V do RICMS/2017,Isenção,
PR810070,,,,,SIM,,,,,,,1082018,,Isenção prevista no item 70 do Anexo V do RICMS/2017,Isenção,
PR810071,,,,,SIM,,,,,,,1082018,,Isenção prevista no item 71 do Anexo V do RICMS/2017,Isenção,
PR810072,,,,,SIM,,,,,,,1082018,,Isenção prevista no item 72 do Anexo V do RICMS/2017,Isenção,
PR810073,,,,,SIM,,,,,,,1082018,,Isenção prevista no item 73 do Anexo V do RICMS/2017,Isenção,
PR810074,,,,,SIM,,,,,,,1082018,,Isenção prevista no item 74 do Anexo V do RICMS/2017,Isenção,
PR810075,,,,,SIM,,,,,,,1082018,,Isenção prevista no item 75 do Anexo V do RICMS/2017,Isenção,
PR810076,,,,,SIM,,,,,,,1082018,,Isenção prevista no item 76 do Anexo V do RICMS/2017,Isenção,
PR810077,,,,,SIM,,,,,,,1082018,,Isenção prevista no item 77 do Anexo V do RICMS/2017,Isenção,
PR810078,,,,,SIM,,,,,,,1082018,,Isenção prevista no item 78 do Anexo V do RICMS/2017,Isenção,
PR810079,,,,,SIM,,,,,,,1082018,,Isenção prevista no item 79 do Anexo V do RICMS/2017,Isenção,
PR810080,,,,,SIM,,,,,,,1082018,,Isenção prevista no item 80 do Anexo V do RICMS/2017 e no art. 1º da Lei nº 14.586/2004,Isenção,
PR810081,,,,,SIM,,,,,,,1082018,,Isenção prevista no item 81 do Anexo V do RICMS/2017,Isenção,
PR810082,,,,,SIM,,,,,,,1082018,,Isenção prevista no item 82 do Anexo V do RICMS/2017,Isenção,
PR810083,,,,,SIM,,,,,,,1082018,,Isenção prevista no item 83 do Anexo V do RICMS/2017,Isenção,
PR810084,,,,,SIM,,,,,,,1082018,,Isenção prevista no item 84 do Anexo V do RICMS/2017,Isenção,
PR810085,,,,,SIM,,,,,,,1082018,,Isenção prevista no item 85 do Anexo V do RICMS/2017,Isenção,
PR810086,,,,,SIM,,,,,,,1082018,,Isenção prevista no item 86 do Anexo V do RICMS/2017,Isenção,
PR810087,,,,,SIM,,,,,,,1082018,,Isenção prevista no item 87 do Anexo V do RICMS/2017,Isenção,
PR810088,,,,,SIM,,,,,,,1082018,,Isenção prevista no item 88 do Anexo V do RICMS/2017,Isenção,
PR810089,,,,,SIM,,,,,,,1082018,,Isenção prevista no item 89 do Anexo V do RICMS/2017,Isenção,
PR810090,,,,,SIM,,,,,,,1082018,,Isenção prevista no item 90 do Anexo V do RICMS/2017,Isenção,
PR810091,,,,,SIM,,,,,,,1082018,,Isenção prevista no item 91 do Anexo V do RICMS/2017,Isenção,
PR810092,,,,,SIM,,,,,,,1082018,,Isenção prevista no item 92 do Anexo V do RICMS/2017,Isenção,
PR810093,,,,,SIM,,,,,,,1082018,,Isenção prevista no item 93 do Anexo V do RICMS/2017,Isenção,
PR810094,,,,,SIM,,,,,,,1082018,,Isenção prevista no item 94 do Anexo V do RICMS/2017,Isenção,
PR810095,,,,,SIM,,,,,,,1082018,,Isenção prevista no item 95 do Anexo V do RICMS/2017,Isenção,
PR810096,,,,,SIM,,,,,,,1082018,,Isenção prevista no item 96 do Anexo V do RICMS/2017,Isenção,
PR810097,,,,,SIM,,,,,,,1082018,,Isenção prevista no item 97 do Anexo V do RICMS/2017,Isenção,
PR810098,,,,,SIM,,,,,,,1082018,,Isenção prevista no item 98 do Anexo V do RICMS/2017,Isenção,
PR810099,,,,,SIM,,,,,,,1082018,,Isenção prevista no item 99 do Anexo V do RICMS/2017,Isenção,
PR810100,,,,,SIM,,,,,,,1082018,,Isenção prevista no item 100 do Anexo V do RICMS/2017,Isenção,
PR810101,,,,,SIM,,,,,,,1082018,,Isenção prevista no item 101 do Anexo V do RICMS/2017,Isenção,
PR810102,,,,,SIM,,,,,,,1082018,,Isenção prevista no item 102 do Anexo V do RICMS/2017,Isenção,
PR810103,,,,,SIM,,,,,,,1082018,,Isenção prevista no item 103 do Anexo V do RICMS/2017,Isenção,
PR810104,,,,,SIM,,,,,,,1082018,,Isenção prevista no item 104 do Anexo V do RICMS/2017,Isenção,
PR810105,,,,,SIM,,,,,,,1082018,,Isenção prevista no item 105 do Anexo V do RICMS/2017,Isenção,
PR810106,,,,,SIM,,,,,,,1082018,,Isenção prevista no item 106 do Anexo V do RICMS/2017,Isenção,
PR810107,,,,,SIM,,,,,,,1082018,,Isenção prevista no item 107 do Anexo V do RICMS/2017,Isenção,
PR810108,,,,,SIM,,,,,,,1082018,,Isenção prevista no item 108 do Anexo V do RICMS/2017,Isenção,
PR810109,,,,,SIM,,,,,,,1082018,,Isenção prevista no item 109 do Anexo V do RICMS/2017,Isenção,
PR810110,,,,,SIM,,,,,,,1082018,,Isenção prevista no item 110 do Anexo V do RICMS/2017 e no art. 1º da Lei nº 15.457/2007,Isenção,
PR810111,,,,,SIM,,,,,,,1082018,2019-09-30 00:00:00,Isenção prevista no item 111 do Anexo V do RICMS/2017 e no art. 1º da Lei nº 17.557/2013,Isenção,
PR810112,,,,,SIM,,,,,,,1082018,,Isenção prevista no item 112 do Anexo V do RICMS/2017,Isenção,
PR810113,,,,,SIM,,,,,,,1082018,,Isenção prevista no item 113 do Anexo V do RICMS/2017,Isenção,
PR810114,,,,,SIM,,,,,,,1082018,,Isenção prevista no item 114 do Anexo V do RICMS/2017,Isenção,
PR810115,,,,,SIM,,,,,,,1082018,,Isenção prevista no item 115 do Anexo V do RICMS/2017,Isenção,
PR810116,,,,,SIM,,,,,,,1082018,,Isenção prevista no item 116 do Anexo V do RICMS/2017,Isenção,
PR810117,,,,,SIM,,,,,,,1082018,,Isenção prevista no item 117 do Anexo V do RICMS/2017,Isenção,
PR810118,,,,,SIM,,,,,,,1082018,,Isenção prevista no item 118 do Anexo V do RICMS/2017,Isenção,
PR810119,,,,,SIM,,,,,,,1082018,,Isenção prevista no item 119 do Anexo V do RICMS/2017,Isenção,
PR810120,,,,,SIM,,,,,,,1082018,,Isenção prevista no item 120 do Anexo V do RICMS/2017,Isenção,
PR810121,,,,,SIM,,,,,,,1082018,,Isenção prevista no item 121 do Anexo V do RICMS/2017,Isenção,
PR810122,,,,,SIM,,,,,,,1082018,,Isenção prevista no item 122 do Anexo V do RICMS/2017,Isenção,
PR810123,,,,,SIM,,,,,,,1082018,,Isenção prevista no item 123 do Anexo V do RICMS/2017,Isenção,
PR810124,,,,,SIM,,,,,,,1082018,,Isenção prevista no item 124 do Anexo V do RICMS/2017,Isenção,
PR810125,,,,,SIM,,,,,,,1082018,,Isenção prevista no item 125 do Anexo V do RICMS/2017,Isenção,
PR810126,,,,,SIM,,,,,,,1082018,,Isenção prevista no item 126 do Anexo V do RICMS/2017,Isenção,
PR810127,,,,,SIM,,,,,,,1082018,,Isenção prevista no item 127 do Anexo V do RICMS/2017,Isenção,
PR810128,,,,,SIM,,,,,,,1082018,,Isenção prevista no item 128 do Anexo V do RICMS/2017,Isenção,
PR810129,,,,,SIM,,,,,,,1082018,,Isenção prevista no item 129 do Anexo V do RICMS/2017,Isenção,
PR810130,,,,,SIM,,,,,,,1082018,,Isenção prevista no item 130 do Anexo V do RICMS/2017,Isenção,
PR810131,,,,,SIM,,,,,,,1082018,,Isenção prevista no item 131 do Anexo V do RICMS/2017,Isenção,
PR810132,,,,,SIM,,,,,,,1082018,,Isenção prevista no item 132 do Anexo V do RICMS/2017,Isenção,
PR810133,,,,,SIM,,,,,,,1082018,,Isenção prevista no item 133 do Anexo V do RICMS/2017,Isenção,
PR810134,,,,,SIM,,,,,,,1082018,,Isenção prevista no item 134 do Anexo V do RICMS/2017,Isenção,
PR810135,,,,,SIM,,,,,,,1082018,,Isenção prevista no item 135 do Anexo V do RICMS/2017,Isenção,
PR810136,,,,,SIM,,,,,,,1082018,,Isenção prevista no item 136 do Anexo V do RICMS/2017,Isenção,
PR810137,,,,,SIM,,,,,,,1082018,,Isenção prevista no item 137 do Anexo V do RICMS/2017,Isenção,
PR810138,,,,,SIM,,,,,,,1082018,,Isenção prevista no item 138 do Anexo V do RICMS/2017,Isenção,
PR810139,,,,,SIM,,,,,,,1082018,,Isenção prevista no item 139 do Anexo V do RICMS/2017,Isenção,
PR810140,,,,,SIM,,,,,,,1082018,,Isenção prevista no item 140 do Anexo V do RICMS/2017,Isenção,
PR810141,,,,,SIM,,,,,,,1082018,,Isenção prevista no item 141 do Anexo V do RICMS/2017,Isenção,
PR810142,,,,,SIM,,,,,,,1082018,,Isenção prevista no item 142 do Anexo V do RICMS/2017,Isenção,
PR810143,,,,,SIM,,,,,,,1082018,,Isenção prevista no item 143 do Anexo V do RICMS/2017,Isenção,
PR810144,,,,,SIM,,,,,,,1082018,,Isenção prevista no item 144 do Anexo V do RICMS/2017,Isenção,
PR810145,,,,,SIM,,,,,,,1082018,,Isenção prevista no item 145 do Anexo V do RICMS/2017,Isenção,
PR810146,,,,,SIM,,,,,,,1082018,,Isenção prevista no item 146 do Anexo V do RICMS/2017,Isenção,
PR810147,,,,,SIM,,,,,,,1082018,,Isenção prevista no item 147 do Anexo V do RICMS/2017,Isenção,
PR810148,,,,,SIM,,,,,,,1082018,,Isenção prevista no item 148 do Anexo V do RICMS/2017,Isenção,
PR810149,,,,,SIM,,,,,,,1082018,,Isenção prevista no item 149 do Anexo V do RICMS/2017,Isenção,
PR810150,,,,,SIM,,,,,,,1082018,,Isenção prevista no item 150 do Anexo V do RICMS/2017,Isenção,
PR810151,,,,,SIM,,,,,,,1082018,,Isenção prevista no item 151 do Anexo V do RICMS/2017,Isenção,
PR810152,,,,,SIM,,,,,,,1082018,,Isenção prevista no item 152 do Anexo V do RICMS/2017,Isenção,
PR810153,,,,,SIM,,,,,,,1082018,,Isenção prevista no item 153 do Anexo V do RICMS/2017,Isenção,
PR810154,,,,,SIM,,,,,,,1082018,,Isenção prevista no item 154 do Anexo V do RICMS/2017,Isenção,
PR810155,,,,,SIM,,,,,,,1082018,,Isenção prevista no item 155 do Anexo V do RICMS/2017,Isenção,
PR810156,,,,,SIM,,,,,,,1082018,,Isenção prevista no item 156 do Anexo V do RICMS/2017,Isenção,
PR810157,,,,,SIM,,,,,,,1082018,,Isenção prevista no item 157 do Anexo V do RICMS/2017,Isenção,
PR810158,,,,,SIM,,,,,,,1082018,,Isenção prevista no item 158 do Anexo V do RICMS/2017,Isenção,
PR810159,,,,,SIM,,,,,,,1082018,,Isenção prevista no item 159 do Anexo V do RICMS/2017,Isenção,
PR810160,,,,,SIM,,,,,,,1082018,,Isenção prevista no item 160 do Anexo V do RICMS/2017,Isenção,
PR810161,,,,,SIM,,,,,,,1082018,,Isenção prevista no item 161 do Anexo V do RICMS/2017,Isenção,
PR810162,,,,,SIM,,,,,,,1082018,,Isenção prevista no item 162 do Anexo V do RICMS/2017,Isenção,
PR810163,,,,,SIM,,,,,,,1082018,,Isenção prevista no item 163 do Anexo V do RICMS/2017,Isenção,
PR810164,,,,,SIM,,,,,,,1082018,,Isenção prevista no item 164 do Anexo V do RICMS/2017,Isenção,
PR810165,,,,,SIM,,,,,,,1082018,,Isenção prevista no item 165 do Anexo V do RICMS/2017,Isenção,
PR810166,,,,,SIM,,,,,,,1082018,,Isenção prevista no item 166 do Anexo V do RICMS/2017,Isenção,
PR810167,,,,,SIM,,,,,,,1082018,,Isenção prevista no item 167 do Anexo V do RICMS/2017,Isenção,
PR810168,,,,,SIM,,,,,,,1082018,,Isenção prevista no item 168 do Anexo V do RICMS/2017,Isenção,
PR810169,,,,,SIM,,,,,,,1082018,,Isenção prevista no item 169 do Anexo V do RICMS/2017,Isenção,
PR810170,,,,,SIM,,,,,,,1082018,,Isenção prevista no item 170 do Anexo V do RICMS/2017,Isenção,
PR810171,,,,,SIM,,,,,,,1082018,,Isenção prevista no item 171 do Anexo V do RICMS/2017,Isenção,
PR810172,,,,,SIM,,,,,,,1082018,,Isenção prevista no item 172 do Anexo V do RICMS/2017,Isenção,
PR810173,,,,,SIM,,,,,,,1082018,,Isenção prevista no item 173 do Anexo V do RICMS/2017,Isenção,
PR810174,,,,,SIM,,,,,,,1082018,,Isenção prevista no item 174 do Anexo V do RICMS/2017,Isenção,
PR810175,,,,SIM,SIM,,,,,,,1082018,,Isenção prevista no item 175 do Anexo V do RICMS/2017,Isenção,
PR810176,,,,,SIM,,,,,,,1122018,,Isenção prevista no item 58-A do Anexo V do RICMS/2017,Isenção,
PR810177,,,,,SIM,,,,,,,1092018,,Isenção prevista no item 104-A do Anexo V do RICMS/2017 e no art. 1º da Lei nº 19.595/2018,Isenção,
PR810178,,,,,SIM,,,,,,,1122018,,Isenção prevista no item 108-A do Anexo V do RICMS/2017,Isenção,
PR810179,,,,,SIM,,,,,,,1122018,,Isenção prevista no item 125-A do Anexo V do RICMS/2017,Isenção,
PR810180,,,,,SIM,,,,,,,2022018,,Isenção prevista no item 143-A do Anexo V do RICMS/2017,Isenção,
PR810181,,,,,SIM,,,,,,,2022018,,Isenção prevista no item 143-B do Anexo V do RICMS/2017,Isenção,
PR810182,,,,,SIM,,,,,,,2022018,,Isenção prevista no item 143-C do Anexo V do RICMS/2017,Isenção,
PR810183,,,,,SIM,,,,,,,1092018,,Isenção prevista no item 144-A do Anexo V do RICMS/2017,Isenção,
PR810184,,,,SIM,SIM,,,,,,,1122019,,Isenção prevista no §3º do art. 549 do RICMS/2017,Isenção,
PR819998,,,,SIM,SIM,,,,,,,9092019,,Isenção sem código específico,Isenção,
PR819999,,,,,SIM,,,,,,,1082018,,Isenção prevista em regime especial e/ou programa de incentivo,Redução de base de cálculo,
PR820000,,,SIM,,,,,,,SIM,,1082018,,Redução de base de cálculo do imposto reconhecida judicialmente,Redução de base de cálculo,
PR820001,,,SIM,,,,,,,,,1082018,,Redução de base de cálculo prevista no item 1 do Anexo VI do RICMS/2017,Redução de base de cálculo,
PR820002,,,SIM,,,,,,,,,1082018,,Redução de base de cálculo prevista no item 2 do Anexo VI do RICMS/2017,Redução de base de cálculo,
PR820003,,,SIM,,,,,,,SIM,,1082018,,Redução de base de cálculo prevista no item 3 do Anexo VI do RICMS/2017,Redução de base de cálculo,
PR820004,,,SIM,,,,,,,,,1082018,,Redução de base de cálculo prevista no item 4 do Anexo VI do RICMS/2017,Redução de base de cálculo,
PR820005,,,SIM,,,,,,,SIM,,1082018,,Redução de base de cálculo prevista no item 5 do Anexo VI do RICMS/2017,Redução de base de cálculo,
PR820006,,,SIM,,,,,,,SIM,,1082018,,Redução de base de cálculo prevista no item 6 do Anexo VI do RICMS/2017,Redução de base de cálculo,
PR820007,,,SIM,,,,,,,SIM,,1082018,,Redução de base de cálculo prevista no item 7 do Anexo VI do RICMS/2017 e no art. 1º da Lei nº 15.182/2006,Redução de base de cálculo,
PR820008,,,SIM,,,,,,,,,1082018,,Redução de base de cálculo prevista no item 8 do Anexo VI do RICMS/2017,Redução de base de cálculo,
PR820009,,,SIM,,,,,,,SIM,,1082018,,Redução de base de cálculo prevista no item 9 do Anexo VI do RICMS/2017,Redução de base de cálculo,
PR820010,,,SIM,,,,,,,SIM,,1082018,,Redução de base de cálculo prevista no item 10 do Anexo VI do RICMS/2017,Redução de base de cálculo,
PR820011,,,SIM,,,,,,,SIM,,1082018,,Redução de base de cálculo prevista no item 11 do Anexo VI do RICMS/2017,Redução de base de cálculo,
PR820012,,,SIM,,,,,,,,,1082018,,Redução de base de cálculo prevista no item 12 do Anexo VI do RICMS/2017,Redução de base de cálculo,
PR820013,,,SIM,,,,,,,SIM,,1082018,,Redução de base de cálculo prevista no item 13 do Anexo VI do RICMS/2017,Redução de base de cálculo,
PR820014,,,SIM,,,,,,,SIM,,1082018,,Redução de base de cálculo prevista no item 14 do Anexo VI do RICMS/2017,Redução de base de cálculo,
PR820015,,,SIM,,,,,,,,,1082018,,Redução de base de cálculo prevista no item 15 do Anexo VI do RICMS/2017,Redução de base de cálculo,
PR820016,,,SIM,,,,,,,,,1082018,,Redução de base de cálculo prevista no item 16 do Anexo VI do RICMS/2017,Redução de base de cálculo,
PR820017,,,SIM,,,,,,,SIM,,1082018,,Redução de base de cálculo prevista no item 17 do Anexo VI do RICMS/2017,Redução de base de cálculo,
PR820018,,,SIM,,,,,,,SIM,,1082018,,Redução de base de cálculo prevista no item 18 do Anexo VI do RICMS/2017 e no inciso V do art. 5º da Lei nº 13.212/2001,Redução de base de cálculo,
PR820019,,,SIM,,,,,,,SIM,,1082018,,Redução de base de cálculo prevista no item 19 do Anexo VI do RICMS/2017,Redução de base de cálculo,
PR820020,,,SIM,,,,,,,SIM,,1082018,,Redução de base de cálculo prevista no item 20 do Anexo VI do RICMS/2017,Redução de base de cálculo,
PR820021,,,SIM,,,,,,,SIM,,1082018,,Redução de base de cálculo prevista no item 21 do Anexo VI do RICMS/2017,Redução de base de cálculo,
PR820022,,,SIM,,,,,,,SIM,,1082018,,Redução de base de cálculo prevista no item 22 do Anexo VI do RICMS/2017,Redução de base de cálculo,
PR820023,,,SIM,,,,,,,,,1082018,,Redução de base de cálculo prevista no item 23 do Anexo VI do RICMS/2017,Redução de base de cálculo,
PR820024,,,SIM,,,,,,,SIM,,1082018,,Redução de base de cálculo prevista no item 24 do Anexo VI do RICMS/2017,Redução de base de cálculo,
PR820025,,,SIM,,,,,,,,,1082018,,Redução de base de cálculo prevista no item 25 do Anexo VI do RICMS/2017,Redução de base de cálculo,
PR820026,,,SIM,,,,,,,SIM,,1082018,,Redução de base de cálculo prevista no item 26 do Anexo VI do RICMS/2017,Redução de base de cálculo,
PR820027,,,SIM,,,,,,,SIM,,1082018,,Redução de base de cálculo prevista no item 27 do Anexo VI do RICMS/2017,Redução de base de cálculo,
PR820028,,,SIM,,,,,,,SIM,,1082018,,Redução de base de cálculo prevista no item 28 do Anexo VI do RICMS/2017,Redução de base de cálculo,
PR820029,,,SIM,,,,,,,SIM,,1082018,,Redução de base de cálculo prevista no item 29 do Anexo VI do RICMS/2017,Redução de base de cálculo,
PR820030,,,SIM,,,,,,,,,1082018,,Redução de base de cálculo prevista no item 30 do Anexo VI do RICMS/2017,Redução de base de cálculo,
PR820031,,,SIM,,,,,,,,,1082018,,Redução de base de cálculo prevista no item 31 do Anexo VI do RICMS/2017,Redução de base de cálculo,
PR820032,,,SIM,,,,,,,,,1082018,,Redução de base de cálculo prevista no item 32 do Anexo VI do RICMS/2017,Redução de base de cálculo,
PR820033,,,SIM,,,,,,,SIM,,1082018,,Redução de base de cálculo prevista no item 33 do Anexo VI do RICMS/2017,Redução de base de cálculo,
PR820034,,,SIM,,,,,,,,,1082018,,Redução de base de cálculo prevista no item 34 do Anexo VI do RICMS/2017,Redução de base de cálculo,
PR820035,,,SIM,,,,,,,,,1082018,,Redução de base de cálculo prevista no item 35 do Anexo VI do RICMS/2017,Redução de base de cálculo,
PR820036,,,SIM,,,,,,,,,1082018,,Redução de base de cálculo prevista no item 36 do Anexo VI do RICMS/2017,Redução de base de cálculo,
PR820037,,,SIM,,,,,,,SIM,,1082018,,Redução de base de cálculo prevista no item 37 do Anexo VI do RICMS/2017,Redução de base de cálculo,
PR820038,,,SIM,,,,,,,SIM,,1082018,,Redução de base de cálculo prevista no item 38 do Anexo VI do RICMS/2017,Redução de base de cálculo,
PR820039,,,SIM,,,,,,,SIM,,1082018,,Redução de base de cálculo prevista no item 39 do Anexo VI do RICMS/2017,Redução de base de cálculo,
PR820040,,,SIM,,,,,,,,,1082018,,Redução de base de cálculo prevista no item 40 do Anexo VI do RICMS/2017,Redução de base de cálculo,
PR820041,,,SIM,,,,,,,SIM,,1082018,,Redução de base de cálculo prevista no item 41 do Anexo VI do RICMS/2017,Redução de base de cálculo,
PR820042,,,SIM,,,,,,,,,1082018,,Redução de base de cálculo prevista no item 8-A do Anexo VI do RICMS/2017,Redução de base de cálculo,
PR820043,,,SIM,,,,,,,,,1082018,,Redução de base de cálculo prevista no item 36-A do Anexo VI do RICMS/2017,Redução de base de cálculo,
PR820044,,,SIM,,,,,,,SIM,,1112018,,"Redução de base de cálculo do imposto prevista no inciso II, do art. 5º da Lei 13.212/2001",Redução de base de cálculo,
PR820045,,,SIM,,,,,,,SIM,,1112018,,"Redução de base de cálculo do imposto prevista no inciso IV, do art. 5º da Lei 13.212/2001",Redução de base de cálculo,
PR820046,,,SIM,,,,,,,SIM,,2022018,,Redução de base de cálculo prevista no item 32-A do Anexo VI do RICMS/2017,Redução de base de cálculo,
PR820047,,,SIM,,,,,,,SIM,,1012019,,"Redução de base de cálculo prevista no inciso VI, do art. 3º da Lei 13.214/2001",Redução de base de cálculo,
PR820048,,,SIM,,,,,,,SIM,,9092019,,Redução de base de cálculo prevista no inciso I do art. 5º da Lei 13.212/2001,Redução de base de cálculo,
PR820049,,,SIM,,,,,,,SIM,,9092019,,Redução de base de cálculo prevista no inciso II do art. 5º da Lei 13.212/2001,Redução de base de cálculo,
PR820050,,,SIM,,,,,,,SIM,,9092019,,Redução de base de cálculo prevista no inciso IV do art. 5º da Lei 13.212/2001,Redução de base de cálculo,
PR820051,,,SIM,,,,,,,SIM,,9092019,,Redução de base de cálculo prevista no inciso III do art. 3º da Lei 13.214/2001,Redução de base de cálculo,
PR820052,,,SIM,,,,,,,SIM,,9092019,,Redução de base de cálculo prevista no inciso V do art. 3º da Lei 13.214/2001,Redução de base de cálculo,
PR820053,,,SIM,,,,,,,SIM,,9092019,,Redução de base de cálculo prevista no inciso VI do art. 3º da Lei 13.214/2001,Redução de base de cálculo,
PR820054,,,SIM,,,,,,,SIM,,9092019,,Redução de base de cálculo prevista na alínea 'c' do art. 4º da Lei 13.214/2001,Redução de base de cálculo,
PR820055,,,SIM,,,,,,,SIM,,9092019,,Redução de base de cálculo prevista no art. 3º da Lei 13.332/2001,Redução de base de cálculo,
PR820056,,,SIM,,,,,,,SIM,,9092019,,Redução de base de cálculo prevista no art. 3º da Lei 14.747/2005,Redução de base de cálculo,
PR820057,,,SIM,,,,,,,SIM,,9092019,,Redução da base de cálculo prevista no art. 37 do RICMS/2017,Redução de base de cálculo,
PR820058,,,SIM,,,,,,,SIM,,2019-10-01 00:00:00,,Redução da base de cálculo prevista no item 26-A do Anexo VI do RICMS/2017,Redução de base de cálculo,
PR829998,,,SIM,,,,,,,SIM,,9092019,,Redução da base de cálculo sem código específico,Redução de base de cálculo,
PR829999,,,SIM,,,,,,,SIM,,1082018,,Redução de base de cálculo prevista em regime especial e/ou programa de incentivo,Diferimento,
PR830000,,,,,,,,SIM,,,,1082018,,Diferimento do pagamento do imposto reconhecido judicialmente,Diferimento,
PR830001,,,,,,,,SIM,,,,1082018,,Diferimento previsto no inciso I do “caput” do art. 28 do Anexo VIII do RICMS/2017,Diferimento,
PR830002,,,,,,,,SIM,,,,1082018,,Diferimento previsto no inciso II do “caput” do art. 28 do Anexo VIII do RICMS/2017,Diferimento,
PR830003,,,,,,,,SIM,,,,1082018,,Diferimento previsto no inciso III do “caput” do art. 28 do Anexo VIII do RICMS/2017,Diferimento,
PR830004,,,,,,,,SIM,,,,1082018,,Diferimento previsto no inciso IV do “caput” do art. 28 do Anexo VIII do RICMS/2017,Diferimento,
PR830005,,,,,,,,SIM,,,,1082018,,Diferimento previsto no item 1 do “caput” do art. 31 do Anexo VIII do RICMS/2017,Diferimento,
PR830006,,,,,,,,SIM,,,,1082018,,Diferimento previsto no item 2 do “caput” do art. 31 do Anexo VIII do RICMS/2017,Diferimento,
PR830007,,,,,,,,SIM,,,,1082018,,Diferimento previsto no item 3 do “caput” do art. 31 do Anexo VIII do RICMS/2017,Diferimento,
PR830008,,,,,,,,SIM,,,,1082018,,Diferimento previsto no subitem 4.1 do “caput” do art. 31 do Anexo VIII do RICMS/2017,Diferimento,
PR830009,,,,,,,,SIM,,,,1082018,,Diferimento previsto no subitem 4.2 do “caput” do art. 31 do Anexo VIII do RICMS/2017,Diferimento,
PR830010,,,,,,,,SIM,,,,1082018,,Diferimento previsto no item 5 do “caput” do art. 31 do Anexo VIII do RICMS/2017,Diferimento,
PR830011,,,,,,,,SIM,,,,1082018,,Diferimento previsto no item 6 do “caput” do art. 31 do Anexo VIII do RICMS/2017,Diferimento,
PR830012,,,,,,,,SIM,,,,1082018,,Diferimento previsto no item 7 do “caput” do art. 31 do Anexo VIII do RICMS/2017,Diferimento,
PR830013,,,,,,,,SIM,,,,1082018,,Diferimento previsto no item 8 do “caput” do art. 31 do Anexo VIII do RICMS/2017,Diferimento,
PR830014,,,,,,,,SIM,,,,1082018,,Diferimento previsto no item 9 do “caput” do art. 31 do Anexo VIII do RICMS/2017,Diferimento,
PR830015,,,,,,,,SIM,,,,1082018,,Diferimento previsto no item 10 do “caput” do art. 31 do Anexo VIII do RICMS/2017,Diferimento,
PR830016,,,,,,,,SIM,,,,1082018,,Diferimento previsto no item 11 do “caput” do art. 31 do Anexo VIII do RICMS/2017,Diferimento,
PR830017,,,,,,,,SIM,,,,1082018,,Diferimento previsto no item 12 do “caput” do art. 31 do Anexo VIII do RICMS/2017,Diferimento,
PR830018,,,,,,,,SIM,,,,1082018,,Diferimento previsto no item 13 do “caput” do art. 31 do Anexo VIII do RICMS/2017,Diferimento,
PR830019,,,,,,,,SIM,,,,1082018,,Diferimento previsto no item 14 do “caput” do art. 31 do Anexo VIII do RICMS/2017,Diferimento,
PR830020,,,,,,,,SIM,,,,1082018,,Diferimento previsto no item 15 do “caput” do art. 31 do Anexo VIII do RICMS/2017,Diferimento,
PR830021,,,,,,,,SIM,,,,1082018,,Diferimento previsto no item 16 do “caput” do art. 31 do Anexo VIII do RICMS/2017,Diferimento,
PR830022,,,,,,,,SIM,,,,1082018,,Diferimento previsto no item 17 do “caput” do art. 31 do Anexo VIII do RICMS/2017,Diferimento,
PR830023,,,,,,,,SIM,,,,1082018,,Diferimento previsto no item 18 do “caput” do art. 31 do Anexo VIII do RICMS/2017,Diferimento,
PR830024,,,,,,,,SIM,,,,1082018,,Diferimento previsto no item 19 do “caput” do art. 31 do Anexo VIII do RICMS/2017,Diferimento,
PR830025,,,,,,,,SIM,,,,1082018,,Diferimento previsto no item 20 do “caput” do art. 31 do Anexo VIII do RICMS/2017,Diferimento,
PR830026,,,,,,,,SIM,,,,1082018,,Diferimento previsto no item 21 do “caput” do art. 31 do Anexo VIII do RICMS/2017,Diferimento,
PR830027,,,,,,,,SIM,,,,1082018,,Diferimento previsto no item 22 do “caput” do art. 31 do Anexo VIII do RICMS/2017 e no inciso I do art. 1º da Lei nº 14.895/2005,Diferimento,
PR830028,,,,,,,,SIM,,,,1082018,,Diferimento previsto no item 23 do “caput” do art. 31 do Anexo VIII do RICMS/2017,Diferimento,
PR830029,,,,,,,,SIM,,,,1082018,,Diferimento previsto no item 24 do “caput” do art. 31 do Anexo VIII do RICMS/2017,Diferimento,
PR830030,,,,,,,,SIM,,,,1082018,,Diferimento previsto no item 25 do “caput” do art. 31 do Anexo VIII do RICMS/2017,Diferimento,
PR830031,,,,,,,,SIM,,,,1082018,,Diferimento previsto no item 26 do “caput” do art. 31 do Anexo VIII do RICMS/2017,Diferimento,
PR830032,,,,,,,,SIM,,,,1082018,,Diferimento previsto no subitem 27.1 do “caput” do art. 31 do Anexo VIII do RICMS/2017,Diferimento,
PR830033,,,,,,,,SIM,,,,1082018,,Diferimento previsto no subitem 27.2 do “caput” do art. 31 do Anexo VIII do RICMS/2017,Diferimento,
PR830034,,,,,,,,SIM,,,,1082018,,Diferimento previsto no subitem 27.3 do “caput” do art. 31 do Anexo VIII do RICMS/2017,Diferimento,
PR830035,,,,,,,,SIM,,,,1082018,,Diferimento previsto no item 28 do “caput” do art. 31 do Anexo VIII do RICMS/2017,Diferimento,
PR830036,,,,,,,,SIM,,,,1082018,,Diferimento previsto no item 29 do “caput” do art. 31 do Anexo VIII do RICMS/2017,Diferimento,
PR830037,,,,,,,,SIM,,,,1082018,,Diferimento previsto no item 30 do “caput” do art. 31 do Anexo VIII do RICMS/2017,Diferimento,
PR830038,,,,,,,,SIM,,,,1082018,,Diferimento previsto no item 31 do “caput” do art. 31 do Anexo VIII do RICMS/2017,Diferimento,
PR830039,,,,,,,,SIM,,,,1082018,,Diferimento previsto no item 32 do “caput” do art. 31 do Anexo VIII do RICMS/2017,Diferimento,
PR830040,,,,,,,,SIM,,,,1082018,,Diferimento previsto no item 33 do “caput” do art. 31 do Anexo VIII do RICMS/2017,Diferimento,
PR830041,,,,,,,,SIM,,,,1082018,,Diferimento previsto no item 34 do “caput” do art. 31 do Anexo VIII do RICMS/2017,Diferimento,
PR830042,,,,,,,,SIM,,,,1082018,,Diferimento previsto no item 35 do “caput” do art. 31 do Anexo VIII do RICMS/2017,Diferimento,
PR830043,,,,,,,,SIM,,,,1082018,,Diferimento previsto no item 36 do “caput” do art. 31 do Anexo VIII do RICMS/2017 e no art. 3º da Lei nº 13.212/2001,Diferimento,
PR830044,,,,,,,,SIM,,,,1082018,,Diferimento previsto no item 37 do “caput” do art. 31 do Anexo VIII do RICMS/2017,Diferimento,
PR830045,,,,,,,,SIM,,,,1082018,,Diferimento previsto no item 38 do “caput” do art. 31 do Anexo VIII do RICMS/2017,Diferimento,
PR830046,,,,,,,,SIM,,,,1082018,,Diferimento previsto no item 39 do “caput” do art. 31 do Anexo VIII do RICMS/2017,Diferimento,
PR830047,,,,,,,,SIM,,,,1082018,,Diferimento previsto no item 40 do “caput” do art. 31 do Anexo VIII do RICMS/2017,Diferimento,
PR830048,,,,,,,,SIM,,,,1082018,,Diferimento previsto no item 41 do “caput” do art. 31 do Anexo VIII do RICMS/2017,Diferimento,
PR830049,,,,,,,,SIM,,,,1082018,,Diferimento previsto no item 42 do “caput” do art. 31 do Anexo VIII do RICMS/2017,Diferimento,
PR830050,,,,,,,,SIM,,,,1082018,,Diferimento previsto no item 43 do “caput” do art. 31 do Anexo VIII do RICMS/2017,Diferimento,
PR830051,,,,,,,,SIM,,,,1082018,,Diferimento previsto no item 44 do “caput” do art. 31 do Anexo VIII do RICMS/2017,Diferimento,
PR830052,,,,,,,,SIM,,,,1082018,,Diferimento previsto no item 45 do “caput” do art. 31 do Anexo VIII do RICMS/2017,Diferimento,
PR830053,,,,,,,,SIM,,,,1082018,,Diferimento previsto no item 46 do “caput” do art. 31 do Anexo VIII do RICMS/2017,Diferimento,
PR830054,,,,,,,,SIM,,,,1082018,,Diferimento previsto no item 47 do “caput” do art. 31 do Anexo VIII do RICMS/2017,Diferimento,
PR830055,,,,,,,,SIM,,,,1082018,,Diferimento previsto no item 48 do “caput” do art. 31 do Anexo VIII do RICMS/2017,Diferimento,
PR830056,,,,,,,,SIM,,,,1082018,,Diferimento previsto no item 49 do “caput” do art. 31 do Anexo VIII do RICMS/2017,Diferimento,
PR830057,,,,,,,,SIM,,,,1082018,,Diferimento previsto no item 50 do “caput” do art. 31 do Anexo VIII do RICMS/2017,Diferimento,
PR830058,,,,,,,,SIM,,,,1082018,,Diferimento previsto no item 51 do “caput” do art. 31 do Anexo VIII do RICMS/2017,Diferimento,
PR830059,,,,,,,,SIM,,,,1082018,,Diferimento previsto no item 52 do “caput” do art. 31 do Anexo VIII do RICMS/2017,Diferimento,
PR830060,,,,,,,,SIM,,,,1082018,,Diferimento previsto no item 53 do “caput” do art. 31 do Anexo VIII do RICMS/2017,Diferimento,
PR830061,,,,,,,,SIM,,,,1082018,,Diferimento previsto no item 54 do “caput” do art. 31 do Anexo VIII do RICMS/2017,Diferimento,
PR830062,,,,,,,,SIM,,,,1082018,,Diferimento previsto no item 55 do “caput” do art. 31 do Anexo VIII do RICMS/2017,Diferimento,
PR830063,,,,,,,,SIM,,,,1082018,,Diferimento previsto no item 56 do “caput” do art. 31 do Anexo VIII do RICMS/2017,Diferimento,
PR830064,,,,,,,,SIM,,,,1082018,,Diferimento previsto no item 57 do “caput” do art. 31 do Anexo VIII do RICMS/2017,Diferimento,
PR830065,,,,,,,,SIM,,,,1082018,,Diferimento previsto no item 58 do “caput” do art. 31 do Anexo VIII do RICMS/2017,Diferimento,
PR830066,,,,,,,,SIM,,,,1082018,,Diferimento previsto no item 59 do “caput” do art. 31 do Anexo VIII do RICMS/2017,Diferimento,
PR830067,,,,,,,,SIM,,,,1082018,,Diferimento previsto no item 60 do “caput” do art. 31 do Anexo VIII do RICMS/2017,Diferimento,
PR830068,,,,,,,,SIM,,,,1082018,,Diferimento previsto no item 61 do “caput” do art. 31 do Anexo VIII do RICMS/2017,Diferimento,
PR830069,,,,,,,,SIM,,,,1082018,,Diferimento previsto no item 62 do “caput” do art. 31 do Anexo VIII do RICMS/2017,Diferimento,
PR830070,,,,,,,,SIM,,,,1082018,,Diferimento previsto no item 63 do “caput” do art. 31 do Anexo VIII do RICMS/2017,Diferimento,
PR830071,,,,,,,,SIM,,,,1082018,,Diferimento previsto no item 64 do “caput” do art. 31 do Anexo VIII do RICMS/2017,Diferimento,
PR830072,,,,,,,,SIM,,,,1082018,,Diferimento previsto no item 65 do “caput” do art. 31 do Anexo VIII do RICMS/2017,Diferimento,
PR830073,,,,,,,,SIM,,,,1082018,,Diferimento previsto no item 66 do “caput” do art. 31 do Anexo VIII do RICMS/2017,Diferimento,
PR830074,,,,,,,,SIM,,,,1082018,,Diferimento previsto no item 67 do “caput” do art. 31 do Anexo VIII do RICMS/2017,Diferimento,
PR830075,,,,,,,,SIM,,,,1082018,,Diferimento previsto no item 68 do “caput” do art. 31 do Anexo VIII do RICMS/2017,Diferimento,
PR830076,,,,,,,,SIM,,,,1082018,,Diferimento previsto no item 69 do “caput” do art. 31 do Anexo VIII do RICMS/2017,Diferimento,
PR830077,,,,,,,,SIM,,,,1082018,,Diferimento previsto no item 70 do “caput” do art. 31 do Anexo VIII do RICMS/2017,Diferimento,
PR830078,,,,,,,,SIM,,,,1082018,,Diferimento previsto no item 71 do “caput” do art. 31 do Anexo VIII do RICMS/2017,Diferimento,
PR830079,,,,,,,,SIM,,,,1082018,,Diferimento previsto no item 72 do “caput” do art. 31 do Anexo VIII do RICMS/2017,Diferimento,
PR830080,,,,,,,,SIM,,,,1082018,,Diferimento previsto no item 73 do “caput” do art. 31 do Anexo VIII do RICMS/2017,Diferimento,
PR830081,,,,,,,,SIM,,,,1082018,,Diferimento previsto no item 74 do “caput” do art. 31 do Anexo VIII do RICMS/2017,Diferimento,
PR830082,,,,,,,,SIM,,,,1082018,,Diferimento previsto no item 75 do “caput” do art. 31 do Anexo VIII do RICMS/2017,Diferimento,
PR830083,,,,,,,,SIM,,,,1082018,,Diferimento previsto no item 76 do “caput” do art. 31 do Anexo VIII do RICMS/2017,Diferimento,
PR830084,,,,,,,,SIM,,,,1082018,,Diferimento previsto no item 77 do “caput” do art. 31 do Anexo VIII do RICMS/2017,Diferimento,
PR830085,,,,,,,,SIM,,,,1082018,,Diferimento previsto no item 78 do “caput” do art. 31 do Anexo VIII do RICMS/2017,Diferimento,
PR830086,,,,,,,,SIM,,,,1082018,,Diferimento previsto no item 79 do “caput” do art. 31 do Anexo VIII do RICMS/2017,Diferimento,
PR830087,,,,,,,,SIM,,,,1082018,,Diferimento previsto no item 80 do “caput” do art. 31 do Anexo VIII do RICMS/2017,Diferimento,
PR830088,,,,,,,,SIM,,,,1082018,,Diferimento previsto no item 81 do “caput” do art. 31 do Anexo VIII do RICMS/2017,Diferimento,
PR830089,,,,,,,,SIM,,,,1082018,,Diferimento previsto no item 82 do “caput” do art. 31 do Anexo VIII do RICMS/2017,Diferimento,
PR830090,,,,,,,,SIM,,,,1082018,,Diferimento previsto no item 83 do “caput” do art. 31 do Anexo VIII do RICMS/2017,Diferimento,
PR830091,,,,,,,,SIM,,,,1082018,,Diferimento previsto no item 84 do “caput” do art. 31 do Anexo VIII do RICMS/2017,Diferimento,
PR830092,,,,,,,,SIM,,,,1082018,,Diferimento previsto no item 85 do “caput” do art. 31 do Anexo VIII do RICMS/2017,Diferimento,
PR830093,,,,,,,,SIM,,,,1082018,,Diferimento previsto no item 86 do “caput” do art. 31 do Anexo VIII do RICMS/2017,Diferimento,
PR830094,,,,,,,,SIM,,,,1082018,,Diferimento previsto no § 1º do art. 31 do Anexo VIII do RICMS/2017,Diferimento,
PR830095,,,,,,,,SIM,,,,1082018,,Diferimento previsto no § 11 do art. 31 do Anexo VIII do RICMS/2017,Diferimento,
PR830096,,,,,,,,SIM,,,,1082018,,Diferimento previsto no § 17 do art. 31 do Anexo VIII do RICMS/2017,Diferimento,
PR830097,,,,,,,,SIM,,,,1082018,,Diferimento previsto no § 19 do art. 31 do Anexo VIII do RICMS/2017,Diferimento,
PR830098,,,,,,,,SIM,,,,1082018,,Diferimento previsto no art. 32 do Anexo VIII do RICMS/2017,Diferimento,
PR830099,,,,,,,,SIM,,,,1082018,,Diferimento previsto no art. 39 do Anexo VIII do RICMS/2017,Diferimento,
PR830100,,,,,,,,SIM,,,,1082018,,Diferimento previsto no art. 41 do Anexo VIII do RICMS/2017,Diferimento,
PR830101,,,,,,,,SIM,,,,1082018,,Diferimento previsto no inciso I do “caput” do art. 42 do Anexo VIII do RICMS/2017,Diferimento,
PR830102,,,,,,,,SIM,,,,1082018,,Diferimento previsto no inciso II do “caput” do art. 42 do Anexo VIII do RICMS/2017,Diferimento,
PR830103,,,,,,,,SIM,,,,1082018,,Diferimento previsto no inciso III do “caput” do art. 42 do Anexo VIII do RICMS/2017,Diferimento,
PR830104,,,,,,,,SIM,,,,1082018,,Diferimento previsto no inciso IV do “caput” do art. 42 do Anexo VIII do RICMS/2017,Diferimento,
PR830105,,,,,,,,SIM,,,,1082018,,Diferimento previsto no inciso V do “caput” do art. 42 do Anexo VIII do RICMS/2017,Diferimento,
PR830106,,,,,,,,SIM,,,,1082018,,Diferimento previsto na alínea a do inc. VI do “caput” do art. 42 do Anexo VIII do RICMS/2017,Diferimento,
PR830107,,,,,,,,SIM,,,,1082018,,Diferimento previsto na alínea b do inc. VI do “caput” do art. 42 do Anexo VIII do RICMS/2017,Diferimento,
PR830108,,,,,,,,SIM,,,,1082018,,Diferimento previsto no inciso VII do “caput” do art. 42 do Anexo VIII do RICMS/2017,Diferimento,
PR830109,,,,,,,,SIM,,,,1082018,,Diferimento previsto no inciso VIII do “caput” do art. 42 do Anexo VIII do RICMS/2017,Diferimento,
PR830110,,,,,,,,SIM,,,,1082018,,Diferimento previsto no inciso IX do “caput” do art. 42 do Anexo VIII do RICMS/2017,Diferimento,
PR830111,,,,,,,,SIM,,,,1082018,,Diferimento previsto no inciso X do “caput” do art. 42 do Anexo VIII do RICMS/2017,Diferimento,
PR830112,,,,,,,,SIM,,,,1082018,,Diferimento previsto no inciso I do “caput” do art. 44 do Anexo VIII do RICMS/2017,Diferimento,
PR830113,,,,,,,,SIM,,,,1082018,,Diferimento previsto no inciso II do “caput” do art. 44 do Anexo VIII do RICMS/2017,Diferimento,
PR830114,,,,,,,,SIM,,,,1082018,,Diferimento previsto no inciso III do “caput” do art. 44 do Anexo VIII do RICMS/2017,Diferimento,
PR830115,,,,,,,,SIM,,,,1082018,,Diferimento previsto no inciso IV do “caput” do art. 44 do Anexo VIII do RICMS/2017,Diferimento,
PR830116,,,,,,,,SIM,,,,1082018,,Diferimento previsto no inciso V do “caput” do art. 44 do Anexo VIII do RICMS/2017,Diferimento,
PR830117,,,,,,,,SIM,,,,1082018,,Diferimento previsto no inciso VI do “caput” do art. 44 do Anexo VIII do RICMS/2017,Diferimento,
PR830118,,,,,,,,SIM,,,,1082018,,Diferimento previsto no inciso VII do “caput” do art. 44 do Anexo VIII do RICMS/2017,Diferimento,
PR830119,,,,,,,,SIM,,,,1082018,,Diferimento previsto no inciso VIII do “caput” do art. 44 do Anexo VIII do RICMS/2017,Diferimento,
PR830120,,,,,,,,SIM,,,,1082018,,Diferimento previsto no inciso IX do “caput” do art. 44 do Anexo VIII do RICMS/2017,Diferimento,
PR830121,,,,,,,,SIM,,,,1082018,,Diferimento previsto no inciso X do “caput” do art. 44 do Anexo VIII do RICMS/2017,Diferimento,
PR830122,,,,,,,,SIM,,,,1082018,,Diferimento previsto no inciso XI do “caput” do art. 44 do Anexo VIII do RICMS/2017,Diferimento,
PR830123,,,,,,,,SIM,,,,1082018,,Diferimento previsto no inciso XII do “caput” do art. 44 do Anexo VIII do RICMS/2017,Diferimento,
PR830124,,,,,,,,SIM,,,,1082018,,Diferimento previsto no inciso XIII do “caput” do art. 44 do Anexo VIII do RICMS/2017,Diferimento,
PR830125,,,,,,,,SIM,,,,1082018,,Diferimento previsto no inciso XIV do “caput” do art. 44 do Anexo VIII do RICMS/2017,Diferimento,
PR830126,,,,,,,,SIM,,,,1082018,,Diferimento previsto na alínea a do inciso I do “caput” do art. 46 do Anexo VIII do RICMS/2017,Diferimento,
PR830127,,,,,,,,SIM,,,,1082018,,Diferimento previsto na alínea b do inciso I do “caput” do art. 46 do Anexo VIII do RICMS/2017,Diferimento,
PR830128,,,,,,,,SIM,,,,1082018,,Diferimento previsto na alínea a do inciso II do “caput” do art. 46 do Anexo VIII do RICMS/2017,Diferimento,
PR830129,,,,,,,,SIM,,,,1082018,,Diferimento previsto na alínea b do inciso II do “caput” do art. 46 do Anexo VIII do RICMS/2017,Diferimento,
PR830130,,,,,,,,SIM,,,,1112018,,Diferimento previsto no art. 6º da Lei 13.212/2001,Diferimento,
PR830131,,,,,,,,SIM,,,,9092019,,Diferimento previsto no art. 459 do RICMS/2017,Diferimento,
PR830132,,,,,,,,SIM,,,,9092019,,Diferimento previsto nos arts. 524 e 530 do RICMS/2017,Diferimento,
PR830133,,,,,,,,SIM,,,,9092019,,Diferimento previsto no art. 60 do Anexo IX do RICMS/2017,Diferimento,
PR830134,,,,,,,,SIM,,,,9092019,,Diferimento previsto no inciso III do art. 3º da Lei 13.212/2001,Diferimento,
PR839998,,,,,,,,SIM,,,,9092019,,Diferimento sem código específico,Diferimento,
PR839999,,,,,,,,SIM,,,,1082018,,Diferimento previsto em regime especial e/ou programa de incentivo,Diferimento,
PR840000,,,,,,,SIM,,,,,1082018,,Suspensão do pagamento do imposto reconhecida judicialmente,Suspensão,
PR840001,,,,,,,SIM,,,,,1082018,,Suspensão prevista no inciso I do “caput” do art. 1º do Anexo VIII do RICMS/2017,Suspensão,
PR840002,,,,,,,SIM,,,,,1082018,,Suspensão prevista no inciso II do “caput” do art. 1º do Anexo VIII do RICMS/2017,Suspensão,
PR840003,,,,,,,SIM,,,,,1082018,,Suspensão prevista no inciso III do “caput” do art. 1º do Anexo VIII do RICMS/2017,Suspensão,
PR840004,,,,,,,SIM,,,,,1082018,,Suspensão prevista no inciso IV do “caput” do art. 1º do Anexo VIII do RICMS/2017,Suspensão,
PR840005,,,,,,,SIM,,,,,1082018,,Suspensão prevista no inciso V do “caput” do art. 1º do Anexo VIII do RICMS/2017,Suspensão,
PR840006,,,,,,,SIM,,,,,1082018,,Suspensão prevista no inciso VI do “caput” do art. 1º do Anexo VIII do RICMS/2017,Suspensão,
PR840007,,,,,,,SIM,,,,,1082018,,Suspensão prevista no inciso VII do “caput” do art. 1º do Anexo VIII do RICMS/2017,Suspensão,
PR840008,,,,,,,SIM,,,,,1082018,,Suspensão prevista no inciso VIII do “caput” do art. 1º do Anexo VIII do RICMS/2017,Suspensão,
PR840009,,,,,,,SIM,,,,,1082018,,Suspensão prevista no inciso IX do “caput” do art. 1º do Anexo VIII do RICMS/2017,Suspensão,
PR840010,,,,,,,SIM,,,,,1082018,,Suspensão prevista no inciso X do “caput” do art. 1º do Anexo VIII do RICMS/2017,Suspensão,
PR840011,,,,,,,SIM,,,,,1082018,,Suspensão prevista no inciso XI do “caput” do art. 1º do Anexo VIII do RICMS/2017,Suspensão,
PR840012,,,,,,,SIM,,,,,1082018,,Suspensão prevista no inciso XII do “caput” do art. 1º do Anexo VIII do RICMS/2017,Suspensão,
PR840013,,,,,,,SIM,,,,,1082018,,Suspensão prevista no inciso XIII do “caput” do art. 1º do Anexo VIII do RICMS/2017,Suspensão,
PR840014,,,,,,,SIM,,,,,1082018,2019-09-30 00:00:00,Suspensão prevista no “caput” do art. 2º do Anexo VIII do RICMS/2017,Suspensão,
PR840015,,,,,,,SIM,,,,,1112018,2019-12-01 00:00:00,"Suspensão prevista no art. 12-A, da Subseção II, do Anexo VIII do RICMS/2017",Suspensão,
PR840016,,,,,,,SIM,,,,,9092019,,Suspensão prevista no  § 6º do art. 448  do RICMS/2017,Suspensão,
PR840017,,,,,,,SIM,,,,,9092019,,Suspensão prevista no  art. 458  do RICMS/2017,Suspensão,
PR840018,,,,,,,SIM,,,,,9092019,,Suspensão prevista no  art. 460  do RICMS/2017,Suspensão,
PR840019,,,,,,,SIM,,,,,9092019,,Suspensão prevista no  art. 468  do RICMS/2017,Suspensão,
PR840020,,,,,,,SIM,,,,,9092019,,Suspensão prevista na  alínea 'b' do inciso I do § 1º do art. 497 e alínea 'c' do inciso II do art. 499 do RICMS/2017,Suspensão,
PR840021,,,,,,,SIM,,,,,9092019,,"Suspensão prevista no inciso I do 'caput', na alínea 'a'  do inciso IV e no  inciso V do § 1º, nas alíneas 'a' e 'b' do inciso I e no inciso II do § 3º do art. 499-C do RICMS/2017",Suspensão,
PR840022,,,,,,,SIM,,,,,9092019,,Suspensão prevista  nos arts. 525 e 529 do RICMS/2017,Suspensão,
PR840023,,,,,,,SIM,,,,,9092019,,Suspensão prevista  nos art. 532 do RICMS/2017,Suspensão,
PR840024,,,,,,,SIM,,,,,9092019,,Sem destaque do ICMS conforme art. 554 do RICMS/2017,Suspensão,
PR840025,,,,,,,SIM,,,,,9092019,,"Suspensão prevista nos arts. 572, 573, § 2º, inciso I, e 576, inciso II, alínea 'a', item 2, do RICMS/2017",Suspensão,
PR840026,,,,,,,SIM,,,,,9092019,,"Suspensão prevista na Subseção II da Seção II, do Capítulo I do Anexo VIII do RICMS/2017",Suspensão,
PR840027,,,,,,,SIM,,,,,9092019,,Suspensão prevista no art. 60 do Anexo IX do RICMS/2017,Suspensão,
PR849998,,,,,,,SIM,,,,,9092019,,Suspensão sem código específico,Suspensão,
PR849999,,,,,,,SIM,,,,,1082018,,Suspensão prevista em regime especial e/ou programa de incentivo,Suspensão,
