CÓDIGO,CST 00,CST 10,CST 20,CST 30,CST 40,CST 41,CST 50,CST 51,CST 60,CST 70,CST 90,DATA INÍCIO,DATA FIM,DESCRIÇÃO,OBSERVAÇÃO,col_16
,SIM,SIM,,SIM,,SIM,SIM,,SIM,,SIM,,,SEM PREENCHIMENTO DO cBenef,,
SEM cBenef,,,,,,,,,,,,,,ITEM SEM cBenef E UF EXIGE cBenef PARA O CST,Informar apenas com letras maiúsculas.,
RJ801001,,,,SIM,SIM,,,,,,,2019-04-01 00:00:00,,RJ801001|Convênio AE 5 de 1972 - Isenção|01042019|,,
RJ823002,,,,,,,,,,,,2019-04-01 00:00:00,,RJ823002|Convênio AE 15 de 1974 - Suspensão|01042019|,,
RJ801003,,,,SIM,SIM,,,,,,,2019-04-01 00:00:00,,RJ801003|Convênio do Rio de Janeiro I de 1967 - Isenção|01042019|,,
RJ801004,,,,SIM,SIM,,,,,,,2019-04-01 00:00:00,,RJ801004|Convênio do Rio de Janeiro V de 1968 - Isenção|01042019|,,
RJ801005,,,,SIM,SIM,,,,,,,2019-04-01 00:00:00,,RJ801005|Convênio ICM 01 de 1975 - Isenção|01042019|,,
RJ801006,,,,SIM,SIM,,,,,,,2019-04-01 00:00:00,,RJ801006|Convênio ICM 10 de 1975 - Isenção|01042019|,,
RJ801007,,,,SIM,SIM,,,,,,,2019-04-01 00:00:00,,RJ801007|Convênio ICM 12 de 1975 - Isenção|01042019|,,
RJ802008,,,SIM,,,,,,,SIM,,2019-04-01 00:00:00,,RJ802008|Convênio ICM 15 de 1981 - Redução de Base de Cálculo|01042019|,,
RJ808009,,,,,,,,,,,,2019-04-01 00:00:00,,RJ808009|Convênio ICM 24 de 1975 - Ampliação de prazo de pagamento|01042019|,,
RJ801010,,,,SIM,SIM,,,,,,,2019-04-01 00:00:00,,RJ801010|Convênio ICM 26 de 1975 - Isenção|01042019|,,
RJ803010,,,,,,,,,,,,2019-04-01 00:00:00,,RJ803010|Convênio ICM 26 de 1975 - Inexigibilidade de estorno de crédito|01042019|,,
RJ801011,,,,SIM,SIM,,,,,,,2019-04-01 00:00:00,,RJ801011|Convênio ICM 32 de 1975 - Isenção|01042019|,,
RJ801012,,,,SIM,SIM,,,,,,,2019-04-01 00:00:00,,RJ801012|Convênio ICM 33 de 1977 - Isenção|01042019|,,
RJ801013,,,,SIM,SIM,,,,,,,2019-04-01 00:00:00,,RJ801013|Convênio ICM 35 de 1977 - Isenção|01042019|,,
RJ801014,,,,SIM,SIM,,,,,,,2019-04-01 00:00:00,,RJ801014|Convênio ICM 38 de 1982 - Isenção|01042019|,,
RJ801015,,,,SIM,SIM,,,,,,,2019-04-01 00:00:00,,RJ801015|Convênio ICM 40 de 1975 - Isenção|01042019|,,
RJ801016,,,,SIM,SIM,,,,,,,2019-04-01 00:00:00,,RJ801016|Convênio ICM 44 de 1975 - Isenção|01042019|,,
RJ801017,,,,SIM,SIM,,,,,,,2019-04-01 00:00:00,,RJ801017|Convênio ICM 65 de 1988 - Isenção|01042019|,,
RJ803017,,,,,,,,,,,,2019-04-01 00:00:00,,RJ803017|Convênio ICM 65 de 1988 - Inexigibilidade de estorno de crédito|01042019|,,
RJ801018,,,,SIM,SIM,,,,,,,2019-04-01 00:00:00,,RJ801018|Convênio ICMS 1 de 1991 - Isenção|01042019|,,
RJ801019,,,,SIM,SIM,,,,,,,2019-04-01 00:00:00,,RJ801019|Convênio ICMS 1 de 1999 - Isenção|01042019|,,
RJ803019,,,,,,,,,,,,2019-04-01 00:00:00,,RJ803019|Convênio ICMS 1 de 1999 - Inexigibilidade de estorno de crédito|01042019|,,
RJ801020,,,,SIM,SIM,,,,,,,2019-04-01 00:00:00,,RJ801020|Convênio ICMS 1 de 2013 - Isenção|01042019|,,
RJ802020,,,SIM,,,,,,,SIM,,2019-04-01 00:00:00,,RJ802020|Convênio ICMS 1 de 2013 - Redução de Base de Cálculo|01042019|,,
RJ801021,,,,SIM,SIM,,,,,,,2019-04-01 00:00:00,,RJ801021|Convênio ICMS 3 de 1990 - Isenção|01042019|,,
RJ801022,,,,SIM,SIM,,,,,,,2019-04-01 00:00:00,,RJ801022|Convênio ICMS 3 de 2006 - Isenção|01042019|,,
RJ801023,,,,SIM,SIM,,,,,,,2019-04-01 00:00:00,,RJ801023|Convênio ICMS 3 de 2010 - Isenção|01042019|,,
RJ801024,,,,SIM,SIM,,,,,,,2019-04-01 00:00:00,,RJ801024|Convênio ICMS 3 de 2018 - Isenção|01042019|,,
RJ802024,,,SIM,,,,,,,SIM,,2019-04-01 00:00:00,,RJ802024|Convênio ICMS 3 de 2018 - Redução de Base de Cálculo|01042019|,,
RJ803024,,,,,,,,,,,,2019-04-01 00:00:00,,RJ803024|Convênio ICMS 3 de 2018 - Inexigibilidade de estorno de crédito|01042019|,,
RJ823024,,,,,,,,,,,,2019-04-01 00:00:00,,RJ823024|Convênio ICMS 3 de 2018 - Suspensão|01042019|,,
RJ801025,,,,SIM,SIM,,,,,,,2019-04-01 00:00:00,,RJ801025|Convênio ICMS 4 de 1997 - Isenção|01042019|,,
RJ821025,,,,,,,,,,,SIM,2019-04-01 00:00:00,,RJ821025|Convênio ICMS 4 de 1997 - Repasse do Crédito Fiscal|01042019|,,
RJ801026,,,,SIM,SIM,,,,,,,2019-04-01 00:00:00,,RJ801026|Convênio ICMS 4 de 1998 - Isenção|01042019|,,
RJ801027,,,,SIM,SIM,,,,,,,2019-04-01 00:00:00,,RJ801027|Convênio ICMS 5 de 1993 - Isenção|01042019|,,
RJ801028,,,,SIM,SIM,,,,,,,2019-04-01 00:00:00,,RJ801028|Convênio ICMS 5 de 2000 - Isenção|01042019|,,
RJ801029,,,,SIM,SIM,,,,,,,2019-04-01 00:00:00,,RJ801029|Convênio ICMS 5 de 2008 - Isenção|01042019|,,
RJ801030,,,,SIM,SIM,,,,,,,2019-04-01 00:00:00,,RJ801030|Convênio ICMS 8 de 1989 - Isenção|01042019|,,
RJ805031,,,,,,,,,,,,2019-04-01 00:00:00,,RJ805031|Convênio ICMS 8 de 2003 - Crédito Presumido|01042019|,,
RJ823032,,,,,,,,,,,,2019-04-01 00:00:00,,RJ823032|Convênio ICMS 8 de 2005 - Suspensão|01042019|,,
RJ823033,,,,,,,,,,,,2019-04-01 00:00:00,,RJ823033|Convênio ICMS 9 de 2005 - Suspensão|01042019|,,
RJ801033,,,,SIM,SIM,,,,,,,2019-04-01 00:00:00,,RJ801033|Convênio ICMS 9 de 2005 - Isenção|01042019|,,
RJ803034,,,,,,,,,,,,2019-04-01 00:00:00,,RJ803034|Convênio ICMS 9 de 2006 - Inexigibilidade de estorno de crédito|01042019|,,
RJ801034,,,,SIM,SIM,,,,,,,2019-04-01 00:00:00,,RJ801034|Convênio ICMS 9 de 2006 - Isenção|01042019|,,
RJ801035,,,,SIM,SIM,,,,,,,2019-04-01 00:00:00,,RJ801035|Convênio ICMS 10 de 2002 - Isenção|01042019|,,
RJ801036,,,,SIM,SIM,,,,,,,2019-04-01 00:00:00,,RJ801036|Convênio ICMS 10 de 2007 - Isenção|01042019|,,
RJ801037,,,,SIM,SIM,,,,,,,2019-04-01 00:00:00,,RJ801037|Convênio ICMS 11 de 1993 - Isenção|01042019|,,
RJ801038,,,,SIM,SIM,,,,,,,2019-04-01 00:00:00,,RJ801038|Convênio ICMS 12 de 1993 - Isenção|01042019|,,
RJ802039,,,SIM,,,,,,,SIM,,2019-04-01 00:00:00,,RJ802039|Convênio ICMS 13 de 1994 - Redução de Base de Cálculo|01042019|,,
RJ801040,,,,SIM,SIM,,,,,,,2019-04-01 00:00:00,,RJ801040|Convênio ICMS 14 de 2003 - Isenção|01042019|,,
RJ803041,,,,,,,,,,,,2019-04-01 00:00:00,,RJ803041|Convênio ICMS 15 de 2000 - Inexigibilidade de estorno de crédito|01042019|,,
RJ801041,,,,SIM,SIM,,,,,,,2019-04-01 00:00:00,,RJ801041|Convênio ICMS 15 de 2000 - Isenção|01042019|,,
RJ801042,,,,SIM,SIM,,,,,,,2019-04-01 00:00:00,,RJ801042|Convênio ICMS 16 de 2015 - Isenção|01042019|,,
RJ801043,,,,SIM,SIM,,,,,,,2019-04-01 00:00:00,,RJ801043|Convênio ICMS 17 de 2000 - Isenção|01042019|,,
RJ801044,,,,SIM,SIM,,,,,,,2019-04-01 00:00:00,,RJ801044|Convênio ICMS 17 de 2002 - Isenção|01042019|,,
RJ801045,,,,SIM,SIM,,,,,,,2019-04-01 00:00:00,,RJ801045|Convênio ICMS 17 de 2013 - Isenção|01042019|,,
RJ802046,,,SIM,,,,,,,SIM,,2019-04-01 00:00:00,,RJ802046|Convênio ICMS 18 de 1992 - Redução de Base de Cálculo|01042019|,,
RJ801047,,,,SIM,SIM,,,,,,,2019-04-01 00:00:00,,RJ801047|Convênio ICMS 18 de 1995 - Isenção|01042019|,,
RJ801048,,,,SIM,SIM,,,,,,,2019-04-01 00:00:00,,RJ801048|Convênio ICMS 18 de 1997 - Isenção|01042019|,,
RJ801049,,,,SIM,SIM,,,,,,,2019-04-01 00:00:00,,RJ801049|Convênio ICMS 18 de 2003 - Isenção|01042019|,,
RJ823050,,,,,,,,,,,,2019-04-01 00:00:00,,RJ823050|Convênio ICMS 19 de 1991 - Suspensão|01042019|,,
RJ801051,,,,SIM,SIM,,,,,,,2019-04-01 00:00:00,,RJ801051|Convênio ICMS 20 de 1989 - Isenção|01042019|,,
RJ803052,,,,,,,,,,,,2019-04-01 00:00:00,,RJ803052|Convênio ICMS 23 de 2007 - Inexigibilidade de estorno de crédito|01042019|,,
RJ801052,,,,SIM,SIM,,,,,,,2019-04-01 00:00:00,,RJ801052|Convênio ICMS 23 de 2007 - Isenção|01042019|,,
RJ801053,,,,SIM,SIM,,,,,,,2019-04-01 00:00:00,,RJ801053|Convênio ICMS 24 de 1989 - Isenção|01042019|,,
RJ821054,,,,,,,,,,,SIM,2019-04-01 00:00:00,,RJ821054|Convênio ICMS 26 de 2003 - Repasse do Crédito Fiscal|01042019|,,
RJ803054,,,,,,,,,,,,2019-04-01 00:00:00,,RJ803054|Convênio ICMS 26 de 2003 - Inexigibilidade de estorno de crédito|01042019|,,
RJ801054,,,,SIM,SIM,,,,,,,2019-04-01 00:00:00,,RJ801054|Convênio ICMS 26 de 2003 - Isenção|01042019|,,
RJ801055,,,,SIM,SIM,,,,,,,2019-04-01 00:00:00,,RJ801055|Convênio ICMS 27 de 1990 - Isenção|01042019|,,
RJ803056,,,,,,,,,,,,2019-04-01 00:00:00,,RJ803056|Convênio ICMS 27 de 2005 - Inexigibilidade de estorno de crédito|01042019|,,
RJ801056,,,,SIM,SIM,,,,,,,2019-04-01 00:00:00,,RJ801056|Convênio ICMS 27 de 2005 - Isenção|01042019|,,
RJ805057,,,,,,,,,,,,2019-04-01 00:00:00,,RJ805057|Convênio ICMS 27 de 2006 - Crédito Presumido|01042019|,,
RJ801058,,,,SIM,SIM,,,,,,,2019-04-01 00:00:00,,RJ801058|Convênio ICMS 27 de 2007 - Isenção|01042019|,,
RJ818059,,,,,,,,SIM,,,,2019-04-01 00:00:00,2019-04-01 00:00:00,RJ818059|Convênio ICMS 28 de 2005 - Diferimento|01042019|,,
RJ803059,,,,,,,,,,,,2019-04-01 00:00:00,,RJ803059|Convênio ICMS 28 de 2005 - Inexigibilidade de estorno de crédito|01042019|,,
RJ801059,,,,SIM,SIM,,,,,,,2019-04-01 00:00:00,,RJ801059|Convênio ICMS 28 de 2005 - Isenção|01042019|,,
RJ801060,,,,SIM,SIM,,,,,,,2019-04-01 00:00:00,,RJ801060|Convênio ICMS 29 de 1990 - Isenção|01042019|,,
RJ801061,,,,SIM,SIM,,,,,,,2019-04-01 00:00:00,,RJ801061|Convênio ICMS 30 de 1996 - Isenção|01042019|,,
RJ803062,,,,,,,,,,,,2019-04-01 00:00:00,,RJ803062|Convênio ICMS 30 de 2000 - Inexigibilidade de estorno de crédito|01042019|,,
RJ801062,,,,SIM,SIM,,,,,,,2019-04-01 00:00:00,,RJ801062|Convênio ICMS 30 de 2000 - Isenção|01042019|,,
RJ801063,,,,SIM,SIM,,,,,,,2019-04-01 00:00:00,,RJ801063|Convênio ICMS 30 de 2006 - Isenção|01042019|,,
RJ801064,,,,SIM,SIM,,,,,,,2019-04-01 00:00:00,,RJ801064|Convênio ICMS 32 de 2006 - Isenção|01042019|,,
RJ802065,,,SIM,,,,,,,SIM,,2019-04-01 00:00:00,,RJ802065|Convênio ICMS 33 de 1993 - Redução de Base de Cálculo|01042019|,,
RJ802066,,,SIM,,,,,,,SIM,,2019-04-01 00:00:00,,RJ802066|Convênio ICMS 33 de 1996 - Redução de Base de Cálculo|01042019|,,
RJ801067,,,,SIM,SIM,,,,,,,2019-04-01 00:00:00,,RJ801067|Convênio ICMS 33 de 2001 - Isenção|01042019|,,
RJ801068,,,,SIM,SIM,,,,,,,2019-04-01 00:00:00,,RJ801068|Convênio ICMS 33 de 2010 - Isenção|01042019|,,
RJ801069,,,,SIM,SIM,,,,,,,2019-04-01 00:00:00,,RJ801069|Convênio ICMS 34 de 1992 - Isenção|01042019|,,
RJ803069,,,,,,,,,,,,2019-04-01 00:00:00,,RJ803069|Convênio ICMS 34 de 1992 - Inexigibilidade de estorno de crédito|01042019|,,
RJ803070,,,,,,,,,,,,2019-04-01 00:00:00,,RJ803070|Convênio ICMS 34 de 2006 - Inexigibilidade de estorno de crédito|01042019|,,
RJ802070,,,SIM,,,,,,,SIM,,2019-04-01 00:00:00,,RJ802070|Convênio ICMS 34 de 2006 - Redução de Base de Cálculo|01042019|,,
RJ801071,,,,SIM,SIM,,,,,,,2019-04-01 00:00:00,,RJ801071|Convênio ICMS 35 de 1992 - Isenção|01042019|,,
RJ801072,,,,SIM,SIM,,,,,,,2019-04-01 00:00:00,,RJ801072|Convênio ICMS 35 de 1993 - Isenção|01042019|,,
RJ801073,,,,SIM,SIM,,,,,,,2019-04-01 00:00:00,,RJ801073|Convênio ICMS 37 de 1989 - Isenção|01042019|,,
RJ803074,,,,,,,,,,,,2019-04-01 00:00:00,,RJ803074|Convênio ICMS 38 de 2001 - Inexigibilidade de estorno de crédito|01042019|,,
RJ801074,,,,SIM,SIM,,,,,,,2019-04-01 00:00:00,,RJ801074|Convênio ICMS 38 de 2001 - Isenção|01042019|,,
RJ801075,,,,SIM,SIM,,,,,,,2019-04-01 00:00:00,,RJ801075|Convênio ICMS 38 de 2009 - Isenção|01042019|,,
RJ803075,,,,,,,,,,,,2019-04-01 00:00:00,,RJ803075|Convênio ICMS 38 de 2009 - Inexigibilidade de estorno de crédito|01042019|,,
RJ801076,,,,SIM,SIM,,,,,,,2019-04-01 00:00:00,,RJ801076|Convênio ICMS 38 de 2012 - Isenção|01042019|,,
RJ803076,,,,,,,,,,,,2019-04-01 00:00:00,,RJ803076|Convênio ICMS 38 de 2012 - Inexigibilidade de estorno de crédito|01042019|,,
RJ801077,,,,SIM,SIM,,,,,,,2019-04-01 00:00:00,,RJ801077|Convênio ICMS 41 de 1991 - Isenção|01042019|,,
RJ802078,,,SIM,,,,,,,SIM,,2019-04-01 00:00:00,,RJ802078|Convênio ICMS 41 de 2005 - Redução de Base de Cálculo|01042019|,,
RJ801079,,,,SIM,SIM,,,,,,,2019-04-01 00:00:00,,RJ801079|Convênio ICMS 42 de 1995 - Isenção|01042019|,,
RJ801080,,,,SIM,SIM,,,,,,,2019-04-01 00:00:00,,RJ801080|Convênio ICMS 42 de 2001 - Isenção|01042019|,,
RJ801081,,,,SIM,SIM,,,,,,,2019-04-01 00:00:00,,RJ801081|Convênio ICMS 42 de 2006 - Isenção|01042019|,,
RJ801082,,,,SIM,SIM,,,,,,,2019-04-01 00:00:00,,RJ801082|Convênio ICMS 43 de 1999 - Isenção|01042019|,,
RJ801083,,,,SIM,SIM,,,,,,,2019-04-01 00:00:00,,RJ801083|Convênio ICMS 43 de 2010 - Isenção|01042019|,,
RJ801084,,,,SIM,SIM,,,,,,,2019-04-01 00:00:00,,RJ801084|Convênio ICMS 47 de 1998 - Isenção|01042019|,,
RJ801085,,,,SIM,SIM,,,,,,,2019-04-01 00:00:00,,RJ801085|Convênio ICMS 48 de 1993 - Isenção|01042019|,,
RJ803086,,,,,,,,,,,,2019-04-01 00:00:00,,RJ803086|Convênio ICMS 49 de 1994 - Inexigibilidade de estorno de crédito|01042019|,,
RJ801086,,,,SIM,SIM,,,,,,,2019-04-01 00:00:00,,RJ801086|Convênio ICMS 49 de 1994 - Isenção|01042019|,,
RJ801087,,,,SIM,SIM,,,,,,,2019-04-01 00:00:00,,RJ801087|Convênio ICMS 49 de 2001 - Isenção|01042019|,,
RJ802088,,,SIM,,,,,,,SIM,,2019-04-01 00:00:00,,RJ802088|Convênio ICMS 50 de 1992 - Redução de Base de Cálculo|01042019|,,
RJ802089,,,SIM,,,,,,,SIM,,2019-04-01 00:00:00,,RJ802089|Convênio ICMS 50 de 1993 - Redução de Base de Cálculo|01042019|,,
RJ803090,,,,,,,,,,,,2019-04-01 00:00:00,,RJ803090|Convênio ICMS 52 de 1991 - Inexigibilidade de estorno de crédito|01042019|,,
RJ802090,,,SIM,,,,,,,SIM,,2019-04-01 00:00:00,,RJ802090|Convênio ICMS 52 de 1991 - Redução de Base de Cálculo|01042019|,,
RJ801091,,,,SIM,SIM,,,,,,,2019-04-01 00:00:00,,RJ801091|Convênio ICMS 52 de 1992 - Isenção|01042019|,,
RJ801092,,,,SIM,SIM,,,,,,,2019-04-01 00:00:00,,RJ801092|Convênio ICMS 52 de 2003 - Isenção|01042019|,,
RJ803093,,,,,,,,,,,,2019-04-01 00:00:00,,RJ803093|Convênio ICMS 53 de 2007 - Inexigibilidade de estorno de crédito|01042019|,,
RJ801093,,,,SIM,SIM,,,,,,,2019-04-01 00:00:00,,RJ801093|Convênio ICMS 53 de 2007 - Isenção|01042019|,,
RJ801094,,,,SIM,SIM,,,,,,,2019-04-01 00:00:00,,RJ801094|Convênio ICMS 55 de 1989 - Isenção|01042019|,,
RJ801095,,,,SIM,SIM,,,,,,,2019-04-01 00:00:00,,RJ801095|Convênio ICMS 55 de 1992 - Isenção|01042019|,,
RJ801096,,,,SIM,SIM,,,,,,,2019-04-01 00:00:00,,RJ801096|Convênio ICMS 55 de 2012 - Isenção|01042019|,,
RJ803097,,,,,,,,,,,,2019-04-01 00:00:00,,RJ803097|Convênio ICMS 57 de 1998 - Inexigibilidade de estorno de crédito|01042019|,,
RJ801097,,,,SIM,SIM,,,,,,,2019-04-01 00:00:00,,RJ801097|Convênio ICMS 57 de 1998 - Isenção|01042019|,,
RJ802098,,,SIM,,,,,,,SIM,,2019-04-01 00:00:00,,RJ802098|Convênio ICMS 57 de 1999 - Redução de Base de Cálculo|01042019|,,
RJ801099,,,,SIM,SIM,,,,,,,2019-04-01 00:00:00,,RJ801099|Convênio ICMS 58 de 1996 - Isenção|01042019|,,
RJ802100,,,SIM,,,,,,,SIM,,2019-04-01 00:00:00,,RJ802100|Convênio ICMS 58 de 1999 - Redução de Base de Cálculo|01042019|,,
RJ801100,,,,SIM,SIM,,,,,,,2019-04-01 00:00:00,,RJ801100|Convênio ICMS 58 de 1999 - Isenção|01042019|,,
RJ803101,,,,,,,,,,,,2019-04-01 00:00:00,,RJ803101|Convênio ICMS 60 de 1992 - Inexigibilidade de estorno de crédito|01042019|,,
RJ801101,,,,SIM,SIM,,,,,,,2019-04-01 00:00:00,,RJ801101|Convênio ICMS 60 de 1992 - Isenção|01042019|,,
RJ801102,,,,SIM,SIM,,,,,,,2019-04-01 00:00:00,,RJ801102|Convênio ICMS 61 de 1997 - Isenção|01042019|,,
RJ803103,,,,,,,,,,,,2019-04-01 00:00:00,,RJ803103|Convênio ICMS 62 de 2003 - Inexigibilidade de estorno de crédito|01042019|,,
RJ801103,,,,SIM,SIM,,,,,,,2019-04-01 00:00:00,,RJ801103|Convênio ICMS 62 de 2003 - Isenção|01042019|,,
RJ818104,,,,,,,,SIM,,,,2019-04-01 00:00:00,,RJ818104|Convênio ICMS 63 de 1998 - Diferimento|01042019|,,
RJ801105,,,,SIM,SIM,,,,,,,2019-04-01 00:00:00,,RJ801105|Convênio ICMS 63 de 2000 - Isenção|01042019|,,
RJ801106,,,,SIM,SIM,,,,,,,2019-04-01 00:00:00,,RJ801106|Convênio ICMS 64 de 1995 - Isenção|01042019|,,
RJ803107,,,,,,,,,,,,2019-04-01 00:00:00,,RJ803107|Convênio ICMS 65 de 2005 - Inexigibilidade de estorno de crédito|01042019|,,
RJ801107,,,,SIM,SIM,,,,,,,2019-04-01 00:00:00,,RJ801107|Convênio ICMS 65 de 2005 - Isenção|01042019|,,
RJ801108,,,,SIM,SIM,,,,,,,2019-04-01 00:00:00,,RJ801108|Convênio ICMS 69 de 2001 - Isenção|01042019|,,
RJ801109,,,,SIM,SIM,,,,,,,2019-04-01 00:00:00,,RJ801109|Convênio ICMS 69 de 2006 - Isenção|01042019|,,
RJ801110,,,,SIM,SIM,,,,,,,2019-04-01 00:00:00,,RJ801110|Convênio ICMS 70 de 1990 - Isenção|01042019|,,
RJ801111,,,,SIM,SIM,,,,,,,2019-04-01 00:00:00,,RJ801111|Convênio ICMS 70 de 1992 - Isenção|01042019|,,
RJ801112,,,,SIM,SIM,,,,,,,2019-04-01 00:00:00,,RJ801112|Convênio ICMS 73 de 2010 - Isenção|01042019|,,
RJ801113,,,,SIM,SIM,,,,,,,2019-04-01 00:00:00,,RJ801113|Convênio ICMS 74 de 2000 - Isenção|01042019|,,
RJ823114,,,,,,,,,,,,2019-04-01 00:00:00,,RJ823114|Convênio ICMS 75 de 1990 - Suspensão|01042019|,,
RJ802114,,,SIM,,,,,,,SIM,,2019-04-01 00:00:00,,RJ802114|Convênio ICMS 75 de 1990 - Redução de Base de Cálculo|01042019|,,
RJ802115,,,SIM,,,,,,,SIM,,2019-04-01 00:00:00,,RJ802115|Convênio ICMS 75 de 1991 - Redução de Base de Cálculo|01042019|,,
RJ803116,,,,,,,,,,,,2019-04-01 00:00:00,2019-04-30 00:00:00,RJ803116|Convênio ICMS 75 de 1997 - Inexigibilidade de estorno de crédito|01042019|30042019,,
RJ801116,,,,SIM,SIM,,,,,,,2019-04-01 00:00:00,2019-04-30 00:00:00,RJ801116|Convênio ICMS 75 de 1997 - Isenção|01042019|30042019,,
RJ802117,,,SIM,,,,,,,SIM,,2019-04-01 00:00:00,2019-04-01 00:00:00,RJ802117|Convênio ICMS 77 de 1995 - Redução de Base de Cálculo|01042019|01042019,,
RJ801118,,,,SIM,SIM,,,,,,,2019-04-01 00:00:00,,RJ801118|Convênio ICMS 77 de 2000 - Isenção|01042019|,,
RJ803119,,,,,,,,,,,,2019-04-01 00:00:00,,RJ803119|Convênio ICMS 78 de 1992 - Inexigibilidade de estorno de crédito|01042019|,,
RJ801119,,,,SIM,SIM,,,,,,,2019-04-01 00:00:00,,RJ801119|Convênio ICMS 78 de 1992 - Isenção|01042019|,,
RJ801120,,,,SIM,SIM,,,,,,,2019-04-01 00:00:00,,RJ801120|Convênio ICMS 79 de 2005 - Isenção|01042019|,,
RJ801121,,,,SIM,SIM,,,,,,,2019-04-01 00:00:00,,RJ801121|Convênio ICMS 80 de 1995 - Isenção|01042019|,,
RJ801122,,,,SIM,SIM,,,,,,,2019-04-01 00:00:00,,RJ801122|Convênio ICMS 80 de 2005 - Isenção|01042019|,,
RJ801123,,,,SIM,SIM,,,,,,,2019-04-01 00:00:00,,RJ801123|Convênio ICMS 81 de 2008 - Isenção|01042019|,,
RJ803124,,,,,,,,,,,,2019-04-01 00:00:00,,RJ803124|Convênio ICMS 82 de 1995 - Inexigibilidade de estorno de crédito|01042019|,,
RJ801124,,,,SIM,SIM,,,,,,,2019-04-01 00:00:00,,RJ801124|Convênio ICMS 82 de 1995 - Isenção|01042019|,,
RJ801125,,,,SIM,SIM,,,,,,,2019-04-01 00:00:00,,RJ801125|Convênio ICMS 84 de 1990 - Isenção|01042019|,,
RJ803126,,,,,,,,,,,,2019-04-01 00:00:00,,RJ803126|Convênio ICMS 84 de 1997 - Inexigibilidade de estorno de crédito|01042019|,,
RJ801126,,,,SIM,SIM,,,,,,,2019-04-01 00:00:00,,RJ801126|Convênio ICMS 84 de 1997 - Isenção|01042019|,,
RJ805127,,,,,,,,,,,,2019-04-01 00:00:00,,RJ805127|Convênio ICMS 85 de 2011 - Crédito Presumido|01042019|,,
RJ802128,,,SIM,,,,,,,SIM,,2019-04-01 00:00:00,,RJ802128|Convênio ICMS 86 de 1999 - Redução de Base de Cálculo|01042019|,,
RJ803129,,,,,,,,,,,,2019-04-01 00:00:00,,RJ803129|Convênio ICMS 87 de 2002 - Inexigibilidade de estorno de crédito|01042019|,,
RJ801129,,,,SIM,SIM,,,,,,,2019-04-01 00:00:00,,RJ801129|Convênio ICMS 87 de 2002 - Isenção|01042019|,,
RJ801130,,,,SIM,SIM,,,,,,,2019-04-01 00:00:00,,RJ801130|Convênio ICMS 88 de 1991 - Isenção|01042019|,,
RJ823131,,,,,,,,,,,,2019-04-01 00:00:00,,RJ823131|Convênio ICMS 88 de 2012 - Suspensão|01042019|,,
RJ801131,,,,SIM,SIM,,,,,,,2019-04-01 00:00:00,,RJ801131|Convênio ICMS 88 de 2012 - Isenção|01042019|,,
RJ802132,,,SIM,,,,,,,SIM,,2019-04-01 00:00:00,,RJ802132|Convênio ICMS 89 de 2005 - Redução de Base de Cálculo|01042019|,,
RJ801133,,,,SIM,SIM,,,,,,,2019-04-01 00:00:00,,RJ801133|Convênio ICMS 89 de 2010 - Isenção|01042019|,,
RJ801134,,,,SIM,SIM,,,,,,,2019-04-01 00:00:00,,RJ801134|Convênio ICMS 91 de 1991 - Isenção|01042019|,,
RJ803134,,,,,,,,,,,,2019-04-01 00:00:00,,RJ803134|Convênio ICMS 91 de 1991 - Inexigibilidade de estorno de crédito|01042019|,,
RJ802135,,,SIM,,,,,,,SIM,,2019-04-01 00:00:00,2019-06-30 00:00:00,RJ802135|Convênio ICMS 91 de 2012 - Redução de Base de Cálculo|01042019|,,
RJ801136,,,,SIM,SIM,,,,,,,2019-04-01 00:00:00,,RJ801136|Convênio ICMS 93 de 1998 - Isenção|01042019|,,
RJ801137,,,,SIM,SIM,,,,,,,2019-04-01 00:00:00,,RJ801137|Convênio ICMS 94 de 2005 - Isenção|01042019|,,
RJ801138,,,,SIM,SIM,,,,,,,2019-04-01 00:00:00,,RJ801138|Convênio ICMS 94 de 2012 - Isenção|01042019|,,
RJ803138,,,,,,,,,,,,2019-04-01 00:00:00,,RJ803138|Convênio ICMS 94 de 2012 - Inexigibilidade de estorno de crédito|01042019|,,
RJ801139,,,,SIM,SIM,,,,,,,2019-04-01 00:00:00,,RJ801139|Convênio ICMS 95 de 1998 - Isenção|01042019|,,
RJ802140,,,SIM,,,,,,,SIM,,2019-04-01 00:00:00,,RJ802140|Convênio ICMS 95 de 2012 - Redução de Base de Cálculo|01042019|,,
RJ801141,,,,SIM,SIM,,,,,,,2019-04-01 00:00:00,,RJ801141|Convênio ICMS 98 de 2008 - Isenção|01042019|,,
RJ801142,,,,SIM,SIM,,,,,,,2019-04-01 00:00:00,,RJ801142|Convênio ICMS 99 de 1989 - Isenção|01042019|,,
RJ801143,,,,SIM,SIM,,,,,,,2019-04-01 00:00:00,,RJ801143|Convênio ICMS 100 de 1997 - Isenção|01042019|,,
RJ802143,,,SIM,,,,,,,SIM,,2019-04-01 00:00:00,,RJ802143|Convênio ICMS 100 de 1997 - Redução de Base de Cálculo|01042019|,,
RJ805143,,,,,,,,,,,,2019-04-01 00:00:00,,RJ805143|Convênio ICMS 100 de 1997 - Crédito Presumido|01042019|,,
RJ803143,,,,,,,,,,,,2019-04-01 00:00:00,,RJ803143|Convênio ICMS 100 de 1997 - Inexigibilidade de estorno de crédito|01042019|,,
RJ801144,,,,SIM,SIM,,,,,,,2019-04-01 00:00:00,,RJ801144|Convênio ICMS 101 de 1997 - Isenção|01042019|,,
RJ803144,,,,,,,,,,,,2019-04-01 00:00:00,,RJ803144|Convênio ICMS 101 de 1997 - Inexigibilidade de estorno de crédito|01042019|,,
RJ801145,,,,SIM,SIM,,,,,,,2019-04-01 00:00:00,,RJ801145|Convênio ICMS 103 de 2011 - Isenção|01042019|,,
RJ801146,,,,SIM,SIM,,,,,,,2019-04-01 00:00:00,,RJ801146|Convênio ICMS 104 de 1989 - Isenção|01042019|,,
RJ801147,,,,SIM,SIM,,,,,,,2019-04-01 00:00:00,,RJ801147|Convênio ICMS 105 de 1995 - Isenção|01042019|,,
RJ801148,,,,SIM,SIM,,,,,,,2019-04-01 00:00:00,,RJ801148|Convênio ICMS 105 de 2003 - Isenção|01042019|,,
RJ805149,,,,,,,,,,,,2019-04-01 00:00:00,,RJ805149|Convênio ICMS 106 de 1996 - Crédito Presumido|01042019|,,
RJ801150,,,,SIM,SIM,,,,,,,2019-04-01 00:00:00,,RJ801150|Convênio ICMS 106 de 2010 - Isenção|01042019|,,
RJ801151,,,,SIM,SIM,,,,,,,2019-04-01 00:00:00,,RJ801151|Convênio ICMS 107 de 1995 - Isenção|01042019|,,
RJ818152,,,,,,,,SIM,,,,2019-04-01 00:00:00,,RJ818152|Convênio ICMS 110 de 2007 - Diferimento|01042019|,,
RJ819152,,,,SIM,,,,,,,,2019-08-01 00:00:00,2019-08-31 00:00:00,RJ819152|CONVÊNIO ICMS 110 de 2007 - não incidência|01082019|,,
RJ802153,,,SIM,,,,,,,SIM,,2019-04-01 00:00:00,,RJ802153|Convênio ICMS 112 de 1989 - Redução de Base de Cálculo|01042019|,,
RJ801154,,,,SIM,SIM,,,,,,,2019-04-01 00:00:00,,RJ801154|Convênio ICMS 112 de 1998 - Isenção|01042019|,,
RJ802155,,,SIM,,,,,,,SIM,,2019-04-01 00:00:00,,RJ802155|Convênio ICMS 113 de 2006 - Redução de Base de Cálculo|01042019|,,
RJ803156,,,,,,,,,,,,2019-04-01 00:00:00,,RJ803156|Convênio ICMS 114 de 2009 - Inexigibilidade de estorno de crédito|01042019|,,
RJ802156,,,SIM,,,,,,,SIM,,2019-04-01 00:00:00,,RJ802156|Convênio ICMS 114 de 2009 - Redução de Base de Cálculo|01042019|,,
RJ801157,,,,SIM,SIM,,,,,,,2019-04-01 00:00:00,,RJ801157|Convênio ICMS 116 de 1998 - Isenção|01042019|,,
RJ803157,,,,,,,,,,,,2019-04-01 00:00:00,,RJ803157|Convênio ICMS 116 de 1998 - Inexigibilidade de estorno de crédito|01042019|,,
RJ801158,,,,SIM,SIM,,,,,,,2019-04-01 00:00:00,,RJ801158|Convênio ICMS 120 de 2002 - Isenção|01042019|,,
RJ801159,,,,SIM,SIM,,,,,,,2019-04-01 00:00:00,,RJ801159|Convênio ICMS 122 de 2003 - Isenção|01042019|,,
RJ803159,,,,,,,,,,,,2019-04-01 00:00:00,,RJ803159|Convênio ICMS 122 de 2003 - Inexigibilidade de estorno de crédito|01042019|,,
RJ801160,,,,SIM,SIM,,,,,,,2019-04-01 00:00:00,,RJ801160|Convênio ICMS 123 de 1992 - Isenção|01042019|,,
RJ801161,,,,SIM,SIM,,,,,,,2019-04-01 00:00:00,,RJ801161|Convênio ICMS 123 de 1997 - Isenção|01042019|,,
RJ801162,,,,SIM,SIM,,,,,,,2019-04-01 00:00:00,,RJ801162|Convênio ICMS 125 de 2001 - Isenção|01042019|,,
RJ801163,,,,SIM,SIM,,,,,,,2019-04-01 00:00:00,,RJ801163|Convênio ICMS 126 de 2010 - Isenção|01042019|,,
RJ803163,,,,,,,,,,,,2019-04-01 00:00:00,,RJ803163|Convênio ICMS 126 de 2010 - Inexigibilidade de estorno de crédito|01042019|,,
RJ803164,,,,,,,,,,,,2019-04-01 00:00:00,,RJ803164|Convênio ICMS 128 de 1994 - Inexigibilidade de estorno de crédito|01042019|,,
RJ802164,,,SIM,,,,,,,SIM,,2019-04-01 00:00:00,,RJ802164|Convênio ICMS 128 de 1994 - Redução de Base de Cálculo|01042019|,,
RJ801165,,,,SIM,SIM,,,,,,,2019-04-01 00:00:00,,RJ801165|Convênio ICMS 129 de 2006 - Isenção|01042019|,,
RJ801166,,,,SIM,SIM,,,,,,,2019-04-01 00:00:00,,RJ801166|Convênio ICMS 129 de 2012 - Isenção|01042019|,,
RJ820167,,,SIM,,,,,,,SIM,,2019-04-01 00:00:00,,RJ820167|Convênio ICMS 130 de 1994 - Redução de alíquota|01042019|,,
RJ801167,,,,SIM,SIM,,,,,,,2019-04-01 00:00:00,,RJ801167|Convênio ICMS 130 de 1994 - Isenção|01042019|,,
RJ803167,,,,,,,,,,,,2019-04-01 00:00:00,,RJ803167|Convênio ICMS 130 de 1994 - Inexigibilidade de estorno de crédito|01042019|,,
RJ821168,,,,,,,,,,,SIM,2019-04-01 00:00:00,,RJ821168|Convênio ICMS 130 de 2007 - Transferência de saldo credor acumulado|01042019|,,
RJ801168,,,,SIM,SIM,,,,,,,2019-04-01 00:00:00,,RJ801168|Convênio ICMS 130 de 2007 - Isenção|01042019|,,
RJ802168,,,SIM,,,,,,,SIM,,2019-04-01 00:00:00,,RJ802168|Convênio ICMS 130 de 2007 - Redução de Base de Cálculo|01042019|,,
RJ802169,,,SIM,,,,,,,SIM,,2019-04-01 00:00:00,,RJ802169|Convênio ICMS 132 de 1993 - Redução de Base de Cálculo|01042019|,,
RJ801170,,,,SIM,SIM,,,,,,,2019-04-01 00:00:00,,RJ801170|Convênio ICMS 132 de 2004 - Isenção|01042019|,,
RJ803171,,,,,,,,,,,,2019-04-01 00:00:00,,RJ803171|Convênio ICMS 133 de 2002 - Inexigibilidade de estorno de crédito|01042019|,,
RJ802171,,,SIM,,,,,,,SIM,,2019-04-01 00:00:00,,RJ802171|Convênio ICMS 133 de 2002 - Redução de Base de Cálculo|01042019|,,
RJ823172,,,,,,,,,,,,2019-04-01 00:00:00,,RJ823172|Convênio ICMS 136 de 1993 - Suspensão|01042019|,,
RJ801173,,,,SIM,SIM,,,,,,,2019-04-01 00:00:00,,RJ801173|Convênio ICMS 136 de 1994 - Isenção|01042019|,,
RJ801174,,,,SIM,SIM,,,,,,,2019-04-01 00:00:00,,RJ801174|Convênio ICMS 138 de 2005 - Isenção|01042019|,,
RJ801175,,,,SIM,SIM,,,,,,,2019-04-01 00:00:00,,RJ801175|Convênio ICMS 140 de 2001 - Isenção|01042019|,,
RJ803175,,,,,,,,,,,,2019-04-01 00:00:00,,RJ803175|Convênio ICMS 140 de 2001 - Inexigibilidade de estorno de crédito|01042019|,,
RJ803176,,,,,,,,,,,,2019-04-01 00:00:00,,RJ803176|Convênio ICMS 141 de 2007 - Inexigibilidade de estorno de crédito|01042019|,,
RJ801176,,,,SIM,SIM,,,,,,,2019-04-01 00:00:00,,RJ801176|Convênio ICMS 141 de 2007 - Isenção|01042019|,,
RJ805177,,,,,,,,,,,,2019-04-01 00:00:00,,RJ805177|Convênio ICMS 141 de 2011 - Crédito Presumido|01042019|,,
RJ801178,,,,SIM,SIM,,,,,,,2019-04-01 00:00:00,,RJ801178|Convênio ICMS 142 de 1992 - Isenção|01042019|,,
RJ801179,,,,SIM,SIM,,,,,,,2019-04-01 00:00:00,,RJ801179|Convênio ICMS 144 de 2006 - Isenção|01042019|,,
RJ803180,,,,,,,,,,,,2019-04-01 00:00:00,,RJ803180|Convênio ICMS 147 de 2007 - Inexigibilidade de estorno de crédito|01042019|,,
RJ801180,,,,SIM,SIM,,,,,,,2019-04-01 00:00:00,,RJ801180|Convênio ICMS 147 de 2007 - Isenção|01042019|,,
RJ801181,,,,SIM,SIM,,,,,,,2019-04-01 00:00:00,,RJ801181|Convênio ICMS 150 de 2013 - Isenção|01042019|,,
RJ802182,,,SIM,,,,,,,SIM,,2019-04-01 00:00:00,,RJ802182|Convênio ICMS 153 de 2004 - Redução de Base de Cálculo|01042019|,,
RJ801183,,,,SIM,SIM,,,,,,,2019-04-01 00:00:00,,RJ801183|Convênio ICMS 158 de 1994 - Isenção|01042019|,,
RJ801184,,,,SIM,SIM,,,,,,,2019-04-01 00:00:00,,RJ801184|Convênio ICMS 162 de 1994 - Isenção|01042019|,,
RJ801185,,,,SIM,SIM,,,,,,,2019-04-01 00:00:00,,RJ801185|Convênio ICMS 165 de 1992 - Isenção|01042019|,,
RJ802186,,,SIM,,,,,,,SIM,,2019-04-01 00:00:00,,RJ802186|Convênio ICMS  45 de 2014 - Redução de Base de Cálculo|01042019|,,
RJ818187,,,,,,,,SIM,,,,2019-04-01 00:00:00,,RJ818187|Decreto 14.236 de 1989 - Diferimento|01042019|,,
RJ818188,,,,,,,,SIM,,,,2019-04-01 00:00:00,,RJ818188|Decreto 16.358 de 1991 - Diferimento|01042019|,,
RJ808189,,,,,,,,,,,,2019-04-01 00:00:00,2019-04-01 00:00:00,RJ808189|Decreto 21.550 de 1995 - Ampliação de prazo de pagamento|01042019|01042019,,
RJ805189,,,,,,,,,,,,2019-04-01 00:00:00,2019-04-01 00:00:00,RJ805189|Decreto 21.550 de 1995 - Crédito Presumido|01042019|01042019,,
RJ818190,,,,,,,,SIM,,,,2019-04-01 00:00:00,2019-04-01 00:00:00,RJ818190|Decreto 22.266 de 1996 - Diferimento|01042019|01042019,,
RJ818191,,,,,,,,SIM,,,,2019-04-01 00:00:00,,RJ818191|Decreto 23.082 de 1997 - Diferimento|01042019|,,
RJ805192,,,,,,,,,,,,2019-04-01 00:00:00,,RJ805192|Decreto 25.404 de 1999 - Crédito Presumido|01042019|,,
RJ818193,,,,,,,,SIM,,,,2019-04-01 00:00:00,,RJ818193|Decreto 25.665 de 1999 - Diferimento|01042019|,,
RJ808193,,,,,,,,,,,,2019-04-01 00:00:00,,RJ808193|Decreto 25.665 de 1999 - Ampliação de prazo de pagamento|01042019|,,
RJ805194,,,,,,,,,,,,2019-04-01 00:00:00,,RJ805194|Decreto 25.666 de 1999 - Crédito Presumido|01042019|,,
RJ802195,,,SIM,,,,,,,SIM,,2019-04-01 00:00:00,,RJ802195|Decreto 26.004 de 2000 - Redução de Base de Cálculo|01042019|,,
RJ802196,,,SIM,,,,,,,SIM,,2019-04-01 00:00:00,,RJ802196|Decreto 26.116 de 2000 - Redução de Base de Cálculo|01042019|,,
RJ802197,,,SIM,,,,,,,SIM,,2019-04-01 00:00:00,,RJ802197|Decreto 26.140 de 2000 - Redução de Base de Cálculo|01042019|,,
RJ801198,,,,SIM,SIM,,,,,,,2019-04-01 00:00:00,,RJ801198|Decreto 26.260 de 2000 - Isenção|01042019|,,
RJ808199,,,,,,,,,,,,2019-04-01 00:00:00,,RJ808199|Decreto 26.274 de 2000 - Ampliação de prazo de pagamento|01042019|,,
RJ818199,,,,,,,,SIM,,,,2019-04-01 00:00:00,,RJ818199|Decreto 26.274 de 2000 - Diferimento|01042019|,,
RJ805200,,,,,,,,,,,,2019-04-01 00:00:00,,RJ805200|Decreto 26.788 de 2000 - Crédito Presumido|01042019|,,
RJ821201,,,,,,,,,,,SIM,2019-04-01 00:00:00,,RJ821201|Decreto 27.091 de 2000 - Transferência de saldo credor acumulado|01042019|,,
RJ801202,,,,SIM,SIM,,,,,,,2019-04-01 00:00:00,,RJ801202|Decreto 27.159 de 2000 - Isenção|01042019|,,
RJ802203,,,SIM,,,,,,,SIM,,2019-04-01 00:00:00,,RJ802203|Decreto 27.308 de 2000 - Redução de Base de Cálculo|01042019|,,
RJ801204,,,,SIM,SIM,,,,,,,2019-04-01 00:00:00,,RJ801204|Decreto 27.815 de 2001 - Isenção|01042019|,,
RJ808205,,,,,,,,,,,,2019-04-01 00:00:00,,RJ808205|Decreto 27.857 de 2001 - Ampliação de prazo de pagamento|01042019|,,
RJ802206,,,SIM,,,,,,,SIM,,2019-04-01 00:00:00,,RJ802206|Decreto 28.494 de 2001 - Redução de Base de Cálculo|01042019|,,
RJ802207,,,SIM,,,,,,,SIM,,2019-04-01 00:00:00,2019-04-30 00:00:00,RJ802207|Decreto 28.940 de 2001 - Redução de Base de Cálculo|01042019|30042019,,
RJ805208,,,,,,,,,,,,2019-04-01 00:00:00,,RJ805208|Decreto 29.042 de 2001 - Crédito Presumido|01042019|,,
RJ803208,,,,,,,,,,,,2019-04-01 00:00:00,,RJ803208|Decreto 29.042 de 2001 - Inexigibilidade de estorno de crédito|01042019|,,
RJ802209,,,SIM,,,,,,,SIM,,2019-04-01 00:00:00,,RJ802209|Decreto 29.366 de 2001 - Redução de Base de Cálculo|01042019|,,
RJ802210,,,SIM,,,,,,,SIM,,2019-04-01 00:00:00,,RJ802210|Decreto 29.722 de 2001 - Redução de Base de Cálculo|01042019|,,
RJ802211,,,SIM,,,,,,,SIM,,2019-04-01 00:00:00,,RJ802211|Decreto 29.882 de 2001 - Redução de Base de Cálculo|01042019|,,
RJ818211,,,,,,,,SIM,,,,2019-04-01 00:00:00,,RJ818211|Decreto 29.882 de 2001 - Diferimento|01042019|,,
RJ818212,,,,,,,,SIM,,,,2019-04-01 00:00:00,,RJ818212|Decreto 30.853 de 2002 - Diferimento|01042019|,,
RJ805212,,,,,,,,,,,,2019-04-01 00:00:00,,RJ805212|Decreto 30.853 de 2002 - Crédito Presumido|01042019|,,
RJ818213,,,,,,,,SIM,,,,2019-04-01 00:00:00,,RJ818213|Decreto 31.175 de 2002 - Diferimento|01042019|,,
RJ808214,,,,,,,,,,,,2019-04-01 00:00:00,,RJ808214|Decreto 32.701 de 2003 - Ampliação de prazo de pagamento|01042019|,,
RJ818215,,,,,,,,SIM,,,,2019-04-01 00:00:00,,RJ818215|Decreto 33.934 de 2003 - Diferimento|01042019|,,
RJ801215,,,,SIM,SIM,,,,,,,2019-04-01 00:00:00,,RJ801215|Decreto 33.934 de 2003 - Isenção|01042019|,,
RJ805216,,,,,,,,,,,,2019-04-01 00:00:00,,RJ805216|Convênio 23 de 1990 - Crédito Presumido|01042019|,,
RJ818217,,,,,,,,SIM,,,,2019-04-01 00:00:00,,RJ818217|Decreto 34.169 de 2003 - Diferimento|01042019|,,
RJ818218,,,,,,,,SIM,,,,2019-04-01 00:00:00,,RJ818218|Decreto 34.170 de 2003 - Diferimento|01042019|,,
RJ818219,,,,,,,,SIM,,,,2019-04-01 00:00:00,,RJ818219|Decreto 34.171 de 2003 - Diferimento|01042019|,,
RJ801220,,,,SIM,SIM,,,,,,,2019-04-01 00:00:00,,RJ801220|Decreto 35.220 de 2004 - Isenção|01042019|,,
RJ818220,,,,,,,,SIM,,,,2019-04-01 00:00:00,,RJ818220|Decreto 35.220 de 2004 - Diferimento|01042019|,,
RJ802221,,,SIM,,,,,,,SIM,,2019-04-01 00:00:00,,RJ802221|Decreto 35.418 de 2004 - Redução de Base de Cálculo|01042019|,,
RJ818221,,,,,,,,SIM,,,,2019-04-01 00:00:00,,RJ818221|Decreto 35.418 de 2004 - Diferimento|01042019|,,
RJ821221,,,,,,,,,,,SIM,2019-04-01 00:00:00,,RJ821221|Decreto 35.418 de 2004 - Transferência de saldo credor acumulado|01042019|,,
RJ805222,,,,,,,,,,,,2019-04-01 00:00:00,,RJ805222|Decreto 35.419 de 2004 - Crédito Presumido|01042019|,,
RJ818223,,,,,,,,SIM,,,,2019-04-01 00:00:00,2019-04-01 00:00:00,RJ818223|Decreto 35.985 de 2004 - Diferimento|01042019|01042019,,
RJ805224,,,,,,,,,,,,2019-04-01 00:00:00,,RJ805224|Decreto 36.111 de 2004 - Crédito Presumido|01042019|,,
RJ818225,,,,,,,,SIM,,,,2019-04-01 00:00:00,,RJ818225|Decreto 36.279 de 2004 - Diferimento|01042019|,,
RJ803226,,,,,,,,,,,,2019-04-01 00:00:00,,RJ803226|Decreto 36.297 de 2004 - Inexigibilidade de estorno de crédito|01042019|,,
RJ802226,,,SIM,,,,,,,SIM,,2019-04-01 00:00:00,,RJ802226|Decreto 36.297 de 2004 - Redução de Base de Cálculo|01042019|,,
RJ821227,,,,,,,,,,,SIM,2019-04-01 00:00:00,,RJ821227|Decreto 36.324 de 2004 - Transferência de saldo credor acumulado|01042019|,,
RJ818228,,,,,,,,SIM,,,,2019-04-01 00:00:00,,RJ818228|Decreto 36.376 de 2004 - Diferimento|01042019|,,
RJ805228,,,,,,,,,,,,2019-04-01 00:00:00,,RJ805228|Decreto 36.376 de 2004 - Crédito Presumido|01042019|,,
RJ803229,,,,,,,,,,,,2019-04-01 00:00:00,,RJ803229|Decreto 36.448 de 2004 - Inexigibilidade de estorno de crédito|01042019|,,
RJ818229,,,,,,,,SIM,,,,2019-04-01 00:00:00,,RJ818229|Decreto 36.448 de 2004 - Diferimento|01042019|,,
RJ802229,,,SIM,,,,,,,SIM,,2019-04-01 00:00:00,,RJ802229|Decreto 36.448 de 2004 - Redução de Base de Cálculo|01042019|,,
RJ818230,,,,,,,,SIM,,,,2019-04-01 00:00:00,,RJ818230|Decreto 36.449 de 2004 - Diferimento|01042019|,,
RJ805230,,,,,,,,,,,,2019-04-01 00:00:00,,RJ805230|Decreto 36.449 de 2004 - Crédito Presumido|01042019|,,
RJ803231,,,,,,,,,,,,2019-04-01 00:00:00,,RJ803231|Decreto 36.450 de 2004 - Inexigibilidade de estorno de crédito|01042019|,,
RJ821231,,,,,,,,,,,SIM,2019-04-01 00:00:00,,RJ821231|Decreto 36.450 de 2004 - Transferência de saldo credor acumulado|01042019|,,
RJ802231,,,SIM,,,,,,,SIM,,2019-04-01 00:00:00,,RJ802231|Decreto 36.450 de 2004 - Redução de Base de Cálculo|01042019|,,
RJ805231,,,,,,,,,,,,2019-04-01 00:00:00,,RJ805231|Decreto 36.450 de 2004 - Crédito Presumido|01042019|,,
RJ818231,,,,,,,,SIM,,,,2019-04-01 00:00:00,,RJ818231|Decreto 36.450 de 2004 - Diferimento|01042019|,,
RJ802232,,,SIM,,,,,,,SIM,,2019-04-01 00:00:00,,RJ802232|Decreto 36.451 de 2004 - Redução de Base de Cálculo|01042019|,,
RJ818232,,,,,,,,SIM,,,,2019-04-01 00:00:00,,RJ818232|Decreto 36.451 de 2004 - Diferimento|01042019|,,
RJ803232,,,,,,,,,,,,2019-04-01 00:00:00,,RJ803232|Decreto 36.451 de 2004 - Inexigibilidade de estorno de crédito|01042019|,,
RJ805233,,,,,,,,,,,,2019-04-01 00:00:00,,RJ805233|Decreto 36.452 de 2004 - Crédito Presumido|01042019|,,
RJ818234,,,,,,,,SIM,,,,2019-04-01 00:00:00,,RJ818234|Decreto 36.453 de 2004 - Diferimento|01042019|,,
RJ802234,,,SIM,,,,,,,SIM,,2019-04-01 00:00:00,,RJ802234|Decreto 36.453 de 2004 - Redução de Base de Cálculo|01042019|,,
RJ818235,,,,,,,,SIM,,,,2019-04-01 00:00:00,,RJ818235|Decreto 36.458 de 2004 - Diferimento|01042019|,,
RJ818236,,,,,,,,SIM,,,,2019-04-01 00:00:00,,RJ818236|Decreto 36.460 de 2004 - Diferimento|01042019|,,
RJ818237,,,,,,,,SIM,,,,2019-04-01 00:00:00,,RJ818237|Decreto 36.461 de 2004 - Diferimento|01042019|,,
RJ818238,,,,,,,,SIM,,,,2019-04-01 00:00:00,,RJ818238|Decreto 36.463 de 2004 - Diferimento|01042019|,,
RJ818239,,,,,,,,SIM,,,,2019-04-01 00:00:00,,RJ818239|Decreto 36.468 de 2004 - Diferimento|01042019|,,
RJ818240,,,,,,,,SIM,,,,2019-04-01 00:00:00,,RJ818240|Decreto 36.474 de 2004 - Diferimento|01042019|,,
RJ818241,,,,,,,,SIM,,,,2019-04-01 00:00:00,,RJ818241|Decreto 36.478 de 2004 - Diferimento|01042019|,,
RJ818242,,,,,,,,SIM,,,,2019-04-01 00:00:00,,RJ818242|Decreto 36.489 de 2004 - Diferimento|01042019|,,
RJ818243,,,,,,,,SIM,,,,2019-04-01 00:00:00,,RJ818243|Decreto 37.149 de 2005 - Diferimento|01042019|,,
RJ818244,,,,,,,,SIM,,,,2019-04-01 00:00:00,2019-04-01 00:00:00,RJ818244|Decreto 37.152 de 2005 - Diferimento|01042019|01042019,,
RJ818245,,,,,,,,SIM,,,,2019-04-01 00:00:00,,RJ818245|Decreto 37.154 de 2005 - Diferimento|01042019|,,
RJ818246,,,,,,,,SIM,,,,2019-04-01 00:00:00,,RJ818246|Decreto 37.159 de 2005 - Diferimento|01042019|,,
RJ818247,,,,,,,,SIM,,,,2019-04-01 00:00:00,,RJ818247|Decreto 37.168 de 2005 - Diferimento|01042019|,,
RJ818248,,,,,,,,SIM,,,,2019-04-01 00:00:00,,RJ818248|Decreto 37.170 de 2005 - Diferimento|01042019|,,
RJ818249,,,,,,,,SIM,,,,2019-04-01 00:00:00,,RJ818249|Decreto 37.172 de 2005 - Diferimento|01042019|,,
RJ818250,,,,,,,,SIM,,,,2019-04-01 00:00:00,,RJ818250|Decreto 37.177 de 2005 - Diferimento|01042019|,,
RJ818251,,,,,,,,SIM,,,,2019-04-01 00:00:00,,RJ818251|Decreto 37.179 de 2005 - Diferimento|01042019|,,
RJ818252,,,,,,,,SIM,,,,2019-04-01 00:00:00,,RJ818252|Decreto 37.198 de 2005 - Diferimento|01042019|,,
RJ818253,,,,,,,,SIM,,,,2019-04-01 00:00:00,,RJ818253|Decreto 37.207 de 2005 - Diferimento|01042019|,,
RJ818254,,,,,,,,SIM,,,,2019-04-01 00:00:00,,RJ818254|Decreto 37.210 de 2005 - Diferimento|01042019|,,
RJ818255,,,,,,,,SIM,,,,2019-04-01 00:00:00,,RJ818255|Decreto 37.256 de 2005 - Diferimento|01042019|,,
RJ818256,,,,,,,,SIM,,,,2019-04-01 00:00:00,,RJ818256|Decreto 37.257 de 2005 - Diferimento|01042019|,,
RJ818257,,,,,,,,SIM,,,,2019-04-01 00:00:00,,RJ818257|Decreto 37.260 de 2005 - Diferimento|01042019|,,
RJ818258,,,,,,,,SIM,,,,2019-04-01 00:00:00,,RJ818258|Decreto 37.261 de 2005 - Diferimento|01042019|,,
RJ818259,,,,,,,,SIM,,,,2019-04-01 00:00:00,,RJ818259|Decreto 37.263 de 2005 - Diferimento|01042019|,,
RJ818260,,,,,,,,SIM,,,,2019-04-01 00:00:00,,RJ818260|Decreto 37.590 de 2005 - Diferimento|01042019|,,
RJ818261,,,,,,,,SIM,,,,2019-04-01 00:00:00,,RJ818261|Decreto 37.598 de 2005 - Diferimento|01042019|,,
RJ818262,,,,,,,,SIM,,,,2019-04-01 00:00:00,,RJ818262|Decreto 37.599 de 2005 - Diferimento|01042019|,,
RJ818263,,,,,,,,SIM,,,,2019-04-01 00:00:00,,RJ818263|Decreto 37.600 de 2005 - Diferimento|01042019|,,
RJ818264,,,,,,,,SIM,,,,2019-04-01 00:00:00,,RJ818264|Decreto 37.888 de 2005 - Diferimento|01042019|,,
RJ818265,,,,,,,,SIM,,,,2019-04-01 00:00:00,,RJ818265|Decreto 38.231 de 2005 - Diferimento|01042019|,,
RJ802266,,,SIM,,,,,,,SIM,,2019-04-01 00:00:00,,RJ802266|Decreto 38.938 de 2006 - Redução de Base de Cálculo|01042019|,,
RJ805266,,,,,,,,,,,,2019-04-01 00:00:00,,RJ805266|Decreto 38.938 de 2006 - Crédito Presumido|01042019|,,
RJ818266,,,,,,,,SIM,,,,2019-04-01 00:00:00,,RJ818266|Decreto 38.938 de 2006 - Diferimento|01042019|,,
RJ801266,,,,SIM,SIM,,,,,,,2019-04-01 00:00:00,,RJ801266|Decreto 38.938 de 2006 - Isenção|01042019|,,
RJ818267,,,,,,,,SIM,,,,2019-04-01 00:00:00,,RJ818267|Decreto 39.116 de 2006 - Diferimento|01042019|,,
RJ803268,,,,,,,,,,,,2019-04-01 00:00:00,2019-04-01 00:00:00,RJ803268|Decreto 39.565 de 2006 - Inexigibilidade de estorno de crédito|01042019|01042019,,
RJ803269,,,,,,,,,,,,2019-04-01 00:00:00,,RJ803269|Decreto 39.566 de 2006 - Inexigibilidade de estorno de crédito|01042019|,,
RJ818270,,,,,,,,SIM,,,,2019-04-01 00:00:00,,RJ818270|Decreto 39.784 de 2006 - Diferimento|01042019|,,
RJ805270,,,,,,,,,,,,2019-04-01 00:00:00,,RJ805270|Decreto 39.784 de 2006 - Crédito Presumido|01042019|,,
RJ801271,,,,SIM,SIM,,,,,,,2019-04-01 00:00:00,,RJ801271|Decreto 40.435 de 2006 - Isenção|01042019|,,
RJ818271,,,,,,,,SIM,,,,2019-04-01 00:00:00,,RJ818271|Decreto 40.435 de 2006 - Diferimento|01042019|,,
RJ803272,,,,,,,,,,,,2019-04-01 00:00:00,2019-04-01 00:00:00,RJ803272|Decreto 40.442 de 2006 - Inexigibilidade de estorno de crédito|01042019|01042019,,
RJ821272,,,,,,,,,,,SIM,2019-04-01 00:00:00,2019-04-01 00:00:00,RJ821272|Decreto 40.442 de 2006 - Transferência de saldo credor acumulado|01042019|01042019,,
RJ802272,,,SIM,,,,,,,SIM,,2019-04-01 00:00:00,2019-04-01 00:00:00,RJ802272|Decreto 40.442 de 2006 - Redução de Base de Cálculo|01042019|01042019,,
RJ801272,,,,SIM,SIM,,,,,,,2019-04-01 00:00:00,2019-04-01 00:00:00,RJ801272|Decreto 40.442 de 2006 - Isenção|01042019|01042019,,
RJ820272,,,SIM,,,,,,,SIM,,2019-04-01 00:00:00,2019-04-01 00:00:00,RJ820272|Decreto 40.442 de 2006 - Redução de alíquota|01042019|01042019,,
RJ818272,,,,,,,,SIM,,,,2019-04-01 00:00:00,2019-04-01 00:00:00,RJ818272|Decreto 40.442 de 2006 - Diferimento|01042019|01042019,,
RJ818273,,,,,,,,SIM,,,,2019-04-01 00:00:00,,RJ818273|Decreto 40.456 de 2006 - Diferimento|01042019|,,
RJ805274,,,,,,,,,,,,2019-04-01 00:00:00,,RJ805274|Decreto 40.478 de 2006 - Crédito Presumido|01042019|,,
RJ818274,,,,,,,,SIM,,,,2019-04-01 00:00:00,,RJ818274|Decreto 40.478 de 2006 - Diferimento|01042019|,,
RJ808275,,,,,,,,,,,,2019-04-01 00:00:00,2019-04-01 00:00:00,RJ808275|Decreto 40.562 de 2007 - Ampliação de prazo de pagamento|01042019|01042019,,
RJ818276,,,,,,,,SIM,,,,2019-04-01 00:00:00,,RJ818276|Decreto 41.244 de 2008 - Diferimento|01042019|,,
RJ802277,,,SIM,,,,,,,SIM,,2019-04-01 00:00:00,,RJ802277|Decreto 41.483 de 2008 - Redução de Base de Cálculo|01042019|,,
RJ821277,,,,,,,,,,,SIM,2019-04-01 00:00:00,,RJ821277|Decreto 41.483 de 2008 - Transferência de saldo credor acumulado|01042019|,,
RJ822277,,,,,,,,,,,,2019-04-01 00:00:00,,RJ822277|Decreto 41.483 de 2008 - Tributação sobre saída|01042019|,,
RJ805277,,,,,,,,,,,,2019-04-01 00:00:00,,RJ805277|Decreto 41.483 de 2008 - Crédito Presumido|01042019|,,
RJ818277,,,,,,,,SIM,,,,2019-04-01 00:00:00,,RJ818277|Decreto 41.483 de 2008 - Diferimento|01042019|,,
RJ818278,,,,,,,,SIM,,,,2019-04-01 00:00:00,,RJ818278|Decreto 41.557 de 2008 - Diferimento|01042019|,,
RJ802278,,,SIM,,,,,,,SIM,,2019-04-01 00:00:00,,RJ802278|Decreto 41.557 de 2008 - Redução de Base de Cálculo|01042019|,,
RJ805279,,,,,,,,,,,,2019-04-01 00:00:00,2019-04-30 00:00:00,RJ805279|Decreto 41.596 de 2008 - Crédito Presumido|01042019|30042019,,
RJ805280,,,,,,,,,,,,2019-04-01 00:00:00,,RJ805280|Decreto 41.681 de 2009 - Crédito Presumido|01042019|,,
RJ818280,,,,,,,,SIM,,,,2019-04-01 00:00:00,,RJ818280|Decreto 41.681 de 2009 - Diferimento|01042019|,,
RJ821281,,,,,,,,,,,SIM,2019-04-01 00:00:00,,RJ821281|Decreto 41.766 de 2009 - Transferência de saldo credor acumulado|01042019|,,
RJ818282,,,,,,,,SIM,,,,2019-04-01 00:00:00,,RJ818282|Decreto 41.858 de 2009 - Diferimento|01042019|,,
RJ805283,,,,,,,,,,,,2019-04-01 00:00:00,2019-04-01 00:00:00,RJ805283|Decreto 41.860 de 2009 - Crédito Presumido|01042019|01042019,,
RJ802283,,,SIM,,,,,,,SIM,,2019-04-01 00:00:00,2019-04-01 00:00:00,RJ802283|Decreto 41.860 de 2009 - Redução de Base de Cálculo|01042019|01042019,,
RJ801284,,,,SIM,SIM,,,,,,,2019-04-01 00:00:00,,RJ801284|Decreto 42.042 de 2009 - Isenção|01042019|,,
RJ801285,,,,SIM,SIM,,,,,,,2019-04-01 00:00:00,2019-04-01 00:00:00,RJ801285|Decreto 42.109 de 2009 - Isenção|01042019|01042019,,
RJ818286,,,,,,,,SIM,,,,2019-04-01 00:00:00,,RJ818286|Decreto 42.139 de 2009 - Diferimento|01042019|,,
RJ823287,,,,,,,,,,,,2019-04-01 00:00:00,,RJ823287|Decreto 42.398 de 2010 - Suspensão|01042019|,,
RJ818288,,,,,,,,SIM,,,,2019-04-01 00:00:00,,RJ818288|Decreto 42.565 de 2010 - Diferimento|01042019|,,
RJ805289,,,,,,,,,,,,2019-04-01 00:00:00,,RJ805289|Decreto 42.569 de 2010 - Crédito Presumido|01042019|,,
RJ818289,,,,,,,,SIM,,,,2019-04-01 00:00:00,,RJ818289|Decreto 42.569 de 2010 - Diferimento|01042019|,,
RJ805290,,,,,,,,,,,,2019-04-01 00:00:00,,RJ805290|Decreto 42.588 de 2010 - Crédito Presumido|01042019|,,
RJ818290,,,,,,,,SIM,,,,2019-04-01 00:00:00,,RJ818290|Decreto 42.588 de 2010 - Diferimento|01042019|,,
RJ805291,,,,,,,,,,,,2019-04-01 00:00:00,2019-04-01 00:00:00,RJ805291|Decreto 42.643 de 2010 - Crédito Presumido|01042019|01042019,,
RJ818292,,,,,,,,SIM,,,,2019-04-01 00:00:00,,RJ818292|Decreto 42.647 de 2010 - Diferimento|01042019|,,
RJ805293,,,,,,,,,,,,2019-04-01 00:00:00,,RJ805293|Decreto 42.649 de 2010 - Crédito Presumido|01042019|,,
RJ818293,,,,,,,,SIM,,,,2019-04-01 00:00:00,,RJ818293|Decreto 42.649 de 2010 - Diferimento|01042019|,,
RJ818294,,,,,,,,SIM,,,,2019-04-01 00:00:00,,RJ818294|Decreto 42.683 de 2010 - Diferimento|01042019|,,
RJ805295,,,,,,,,,,,,2019-04-01 00:00:00,,RJ805295|Decreto 42.771 de 2010 - Crédito Presumido|01042019|,,
RJ802296,,,SIM,,,,,,,SIM,,2019-04-01 00:00:00,,RJ802296|Decreto 42.897 de 2011 - Redução de Base de Cálculo|01042019|,,
RJ820297,,,SIM,,,,,,,SIM,,2019-04-01 00:00:00,2019-04-01 00:00:00,RJ820297|Decreto 43.066 de 2011 - Redução de alíquota|01042019|01042019,,
RJ818298,,,,,,,,SIM,,,,2019-04-01 00:00:00,,RJ818298|Decreto 43.128 de 2011 - Diferimento|01042019|,,
RJ801298,,,,SIM,SIM,,,,,,,2019-04-01 00:00:00,,RJ801298|Decreto 43.128 de 2011 - Isenção|01042019|,,
RJ818299,,,,,,,,SIM,,,,2019-04-01 00:00:00,,RJ818299|Decreto 43.209 de 2011 - Diferimento|01042019|,,
RJ818300,,,,,,,,SIM,,,,2019-04-01 00:00:00,,RJ818300|Decreto 43.210 de 2011 - Diferimento|01042019|,,
RJ818301,,,,,,,,SIM,,,,2019-04-01 00:00:00,,RJ818301|Decreto 43.457 de 2012 - Diferimento|01042019|,,
RJ805301,,,,,,,,,,,,2019-04-01 00:00:00,,RJ805301|Decreto 43.457 de 2012 - Crédito Presumido|01042019|,,
RJ802302,,,SIM,,,,,,,SIM,,2019-04-01 00:00:00,,RJ802302|Decreto 43.502 de 2012 - Redução de Base de Cálculo|01042019|,,
RJ805303,,,,,,,,,,,,2019-04-01 00:00:00,,RJ805303|Decreto 43.503 de 2012 - Crédito Presumido|01042019|,,
RJ818303,,,,,,,,SIM,,,,2019-04-01 00:00:00,,RJ818303|Decreto 43.503 de 2012 - Diferimento|01042019|,,
RJ821304,,,,,,,,,,,SIM,2019-04-01 00:00:00,,RJ821304|Decreto 43.603 de 2012 - Repasse do Crédito Fiscal|01042019|,,
RJ818304,,,,,,,,SIM,,,,2019-04-01 00:00:00,,RJ818304|Decreto 43.603 de 2012 - Diferimento|01042019|,,
RJ805304,,,,,,,,,,,,2019-04-01 00:00:00,,RJ805304|Decreto 43.603 de 2012 - Crédito Presumido|01042019|,,
RJ818305,,,,,,,,SIM,,,,2019-04-01 00:00:00,,RJ818305|Decreto 43.709 de 2012 - Diferimento|01042019|,,
RJ805305,,,,,,,,,,,,2019-04-01 00:00:00,,RJ805305|Decreto 43.709 de 2012 - Crédito Presumido|01042019|,,
RJ818306,,,,,,,,SIM,,,,2019-04-01 00:00:00,,RJ818306|Decreto 43.739 de 2012 - Diferimento|01042019|,,
RJ822306,,,,,,,,,,,,2019-04-01 00:00:00,,RJ822306|Decreto 43.739 de 2012 - Tributação sobre saída|01042019|,,
RJ818307,,,,,,,,SIM,,,,2019-04-01 00:00:00,,RJ818307|Decreto 43.751 de 2012 - Diferimento|01042019|,,
RJ818308,,,,,,,,SIM,,,,2019-04-01 00:00:00,,RJ818308|Decreto 43.771 de 2012 - Diferimento|01042019|,,
RJ802308,,,SIM,,,,,,,SIM,,2019-04-01 00:00:00,,RJ802308|Decreto 43.771 de 2012 - Redução de Base de Cálculo|01042019|,,
RJ805308,,,,,,,,,,,,2019-04-01 00:00:00,,RJ805308|Decreto 43.771 de 2012 - Crédito Presumido|01042019|,,
RJ818309,,,,,,,,SIM,,,,2019-04-01 00:00:00,,RJ818309|Decreto 43.879 de 2012 - Diferimento|01042019|,,
RJ802310,,,SIM,,,,,,,SIM,,2019-04-01 00:00:00,,RJ802310|Decreto 43.922 de 2012 - Redução de Base de Cálculo|01042019|,,
RJ802311,,,SIM,,,,,,,SIM,,2019-04-01 00:00:00,,RJ802311|Decreto 44.418 de 2013 - Redução de Base de Cálculo|01042019|,,
RJ818311,,,,,,,,SIM,,,,2019-04-01 00:00:00,,RJ818311|Decreto 44.418 de 2013 - Diferimento|01042019|,,
RJ805311,,,,,,,,,,,,2019-04-01 00:00:00,,RJ805311|Decreto 44.418 de 2013 - Crédito Presumido|01042019|,,
RJ802312,,,SIM,,,,,,,SIM,,2019-04-01 00:00:00,,RJ802312|Decreto 44.498 de 2013 - Redução de Base de Cálculo|01042019|,,
RJ818312,,,,,,,,SIM,,,,2019-04-01 00:00:00,,RJ818312|Decreto 44.498 de 2013 - Diferimento|01042019|,,
RJ802313,,,SIM,,,,,,,SIM,,2019-04-01 00:00:00,,RJ802313|Decreto 44.550 de 2014 - Redução de Base de Cálculo|01042019|,,
RJ818314,,,,,,,,SIM,,,,2019-04-01 00:00:00,,RJ818314|Decreto 44.607 de 2014 - Diferimento|01042019|,,
RJ805314,,,,,,,,,,,,2019-04-01 00:00:00,,RJ805314|Decreto 44.607 de 2014 - Crédito Presumido|01042019|,,
RJ803315,,,,,,,,,,,,2019-04-01 00:00:00,2019-04-01 00:00:00,RJ803315|Decreto 44.608 de 2014 - Inexigibilidade de estorno de crédito|01042019|01042019,,
RJ802316,,,SIM,,,,,,,SIM,,2019-04-01 00:00:00,,RJ802316|Decreto 44.615 de 2014 - Redução de Base de Cálculo|01042019|,,
RJ805316,,,,,,,,,,,,2019-04-01 00:00:00,,RJ805316|Decreto 44.615 de 2014 - Crédito Presumido|01042019|,,
RJ818316,,,,,,,,SIM,,,,2019-04-01 00:00:00,,RJ818316|Decreto 44.615 de 2014 - Diferimento|01042019|,,
RJ818317,,,,,,,,SIM,,,,2019-04-01 00:00:00,,RJ818317|Decreto 44.629 de 2014 - Diferimento|01042019|,,
RJ802317,,,SIM,,,,,,,SIM,,2019-04-01 00:00:00,,RJ802317|Decreto 44.629 de 2014 - Redução de Base de Cálculo|01042019|,,
RJ818318,,,,,,,,SIM,,,,2019-04-01 00:00:00,,RJ818318|Decreto 44.636 de 2014 - Diferimento|01042019|,,
RJ805318,,,,,,,,,,,,2019-04-01 00:00:00,,RJ805318|Decreto 44.636 de 2014 - Crédito Presumido|01042019|,,
RJ802319,,,SIM,,,,,,,SIM,,2019-04-01 00:00:00,,RJ802319|Decreto 44.677 de 2014 - Redução de Base de Cálculo|01042019|,,
RJ818320,,,,,,,,SIM,,,,2019-04-01 00:00:00,,RJ818320|Decreto 44.868 de 2014 - Diferimento|01042019|,,
RJ822320,,,,,,,,,,,,2019-04-01 00:00:00,,RJ822320|Decreto 44.868 de 2014 - Tributação sobre saída|01042019|,,
RJ818321,,,,,,,,SIM,,,,2019-04-01 00:00:00,2019-04-01 00:00:00,RJ818321|Decreto 44.900 de 2014 - Diferimento|01042019|01042019,,
RJ818322,,,,,,,,SIM,,,,2019-04-01 00:00:00,2019-04-01 00:00:00,RJ818322|Decreto 44.901 de 2014 - Diferimento|01042019|01042019,,
RJ802323,,,SIM,,,,,,,SIM,,2019-04-01 00:00:00,,RJ802323|Decreto 44.945 de 2014 - Redução de Base de Cálculo|01042019|,,
RJ805323,,,,,,,,,,,,2019-04-01 00:00:00,,RJ805323|Decreto 44.945 de 2014 - Crédito Presumido|01042019|,,
RJ802324,,,SIM,,,,,,,SIM,,2019-04-01 00:00:00,,RJ802324|Decreto 45.047 de 2014 - Redução de Base de Cálculo|01042019|,,
RJ818324,,,,,,,,SIM,,,,2019-04-01 00:00:00,,RJ818324|Decreto 45.047 de 2014 - Diferimento|01042019|,,
RJ818325,,,,,,,,SIM,,,,2019-04-01 00:00:00,,RJ818325|Decreto 45.072 de 2014 - Diferimento|01042019|,,
RJ818326,,,,,,,,SIM,,,,2019-04-01 00:00:00,,RJ818326|Decreto 45.308 de 2015 - Diferimento|01042019|,,
RJ801326,,,,SIM,SIM,,,,,,,2019-04-01 00:00:00,,RJ801326|Decreto 45.308 de 2015 - Isenção|01042019|,,
RJ818327,,,,,,,,SIM,,,,2019-04-01 00:00:00,,RJ818327|Decreto 45.339 de 2015 - Diferimento|01042019|,,
RJ802328,,,SIM,,,,,,,SIM,,2019-04-01 00:00:00,,RJ802328|Decreto 45.417 de 2015 - Redução de Base de Cálculo|01042019|,,
RJ805328,,,,,,,,,,,,2019-04-01 00:00:00,,RJ805328|Decreto 45.417 de 2015 - Crédito Presumido|01042019|,,
RJ818328,,,,,,,,SIM,,,,2019-04-01 00:00:00,,RJ818328|Decreto 45.417 de 2015 - Diferimento|01042019|,,
RJ818329,,,,,,,,SIM,,,,2019-04-01 00:00:00,,RJ818329|Decreto 45.446 de 2015 - Diferimento|01042019|,,
RJ805330,,,,,,,,,,,,2019-04-01 00:00:00,,RJ805330|Decreto 45.450 de 2015 - Crédito Presumido|01042019|,,
RJ818331,,,,,,,,SIM,,,,2019-04-01 00:00:00,,RJ818331|Decreto 45.586 de 2016 - Diferimento|01042019|,,
RJ802332,,,SIM,,,,,,,SIM,,2019-04-01 00:00:00,,RJ802332|Decreto 45.607 de 2016 - Redução de Base de Cálculo|01042019|,,
RJ805333,,,,,,,,,,,,2019-04-01 00:00:00,,RJ805333|Decreto 45.631 de 2016 - Crédito Presumido|01042019|,,
RJ818333,,,,,,,,SIM,,,,2019-04-01 00:00:00,,RJ818333|Decreto 45.631 de 2016 - Diferimento|01042019|,,
RJ805334,,,,,,,,,,,,2019-04-01 00:00:00,,RJ805334|Decreto 45.777 de 2016 - Crédito Presumido|01042019|,,
RJ803334,,,,,,,,,,,,2019-04-01 00:00:00,,RJ803334|Decreto 45.777 de 2016 - Inexigibilidade de estorno de crédito|01042019|,,
RJ818335,,,,,,,,SIM,,,,2019-04-01 00:00:00,,RJ818335|Decreto 45.780 de 2016 - Diferimento|01042019|,,
RJ805335,,,,,,,,,,,,2019-04-01 00:00:00,,RJ805335|Decreto 45.780 de 2016 - Crédito Presumido|01042019|,,
RJ818336,,,,,,,,SIM,,,,2019-04-01 00:00:00,,RJ818336|Decreto 45.781 de 2016 - Diferimento|01042019|,,
RJ822337,,,,,,,,,,,,2019-04-01 00:00:00,,RJ822337|Decreto 45782 de 2016 - Tributação sobre saída|01042019|,,
RJ818337,,,,,,,,SIM,,,,2019-04-01 00:00:00,,RJ818337|Decreto 45782 de 2016 - Diferimento|01042019|,,
RJ801337,,,,SIM,SIM,,,,,,,2019-04-01 00:00:00,,RJ801337|Decreto 45782 de 2016 - Isenção|01042019|,,
RJ823338,,,,,,,,,,,,2019-04-01 00:00:00,2019-04-01 00:00:00,"RJ823338|Decreto 27.427/00, Livro I, Título IX, Art. 52, I de 2000 - Suspensão|01042019|01042019",,
RJ823339,,,,,,,,,,,,2019-04-01 00:00:00,2019-04-01 00:00:00,"RJ823339|Decreto 27.427/00, Livro I, Título IX, Art. 52, inc. II de 2000 - Suspensão|01042019|",,
RJ818340,,,,,,,,SIM,,,,2019-04-01 00:00:00,,"RJ818340|Decreto 27.427/00, Livro IV, Título VIII de 2000 - Diferimento|01042019|",,
RJ822341,,,,,,,,,,,,2019-04-01 00:00:00,,"RJ822341|Decreto 27.427/00, Livro V, Título VA de 2000 - Tributação sobre Receita|01042019|",,
RJ818342,,,,,,,,SIM,,,,2019-04-01 00:00:00,,"RJ818342|Decreto 27.427/00, Livro XII, Título I de 2000 - Diferimento|01042019|",,
RJ802343,,,SIM,,,,,,,SIM,,2019-04-01 00:00:00,,"RJ802343|Decreto 27.427/00, Livro XIII, Título I, Capítulo I de 2000 - Redução de Base de Cálculo|01042019|",,
RJ805344,,,,,,,,,,,,2019-04-01 00:00:00,,"RJ805344|Decreto 27.427/00, Livro XIII, Título II, Art. 14 de 2000 - Crédito Presumido|01042019|",,
RJ802344,,,SIM,,,,,,,SIM,,2019-04-01 00:00:00,,"RJ802344|Decreto 27.427/00, Livro XIII, Título II, Art. 14 de 2000 - Redução de Base de Cálculo|01042019|",,
RJ818345,,,,,,,,SIM,,,,2019-04-01 00:00:00,,"RJ818345|Decreto 27.427/00, Livro XV, Título I, Capítulo I de 2000 - Diferimento|01042019|",,
RJ818346,,,,,,,,SIM,,,,2019-04-01 00:00:00,,"RJ818346|Decreto 27.427/00, Livro XV, Título I, Capítulo II de 2000 - Diferimento|01042019|",,
RJ801347,,,,SIM,SIM,,,,,,,2019-04-01 00:00:00,2019-04-01 00:00:00,"RJ801347|Decreto 27.427/00, Livro XV, Título III de 2000 - Isenção|01042019|",,
RJ818347,,,,,,,,SIM,,,,2019-04-01 00:00:00,,"RJ818347|Decreto 27.427/00, Livro XV, Título III de 2000 - Diferimento|01042019|",,
RJ821348,,,,,,,,,,,SIM,2019-04-01 00:00:00,,"RJ821348|Decreto 27.427/00, Livro XV, Título IV, Art. 31 de 2000 - Repasse do Crédito Fiscal|01042019|",,
RJ823348,,,,,,,,,,,,2019-04-01 00:00:00,2019-04-01 00:00:00,"RJ823348|Decreto 27.427/00, Livro XV, Título IV, Art. 31 de 2000 - Suspensão|01042019|",,
RJ818348,,,,,,,,SIM,,,,2019-04-01 00:00:00,,"RJ818348|Decreto 27.427/00, Livro XV, Título IV, Art. 31 de 2000 - Diferimento|01042019|",,
RJ822349,,,,,,,,,,,,2019-04-01 00:00:00,,RJ822349|Lei 2.804 de 1997 - Tributação sobre saída|01042019|,,
RJ822350,,,,,,,,,,,,2019-04-01 00:00:00,,RJ822350|Lei 2.869 de 1997 - Tributação sobre saída|01042019|,,
RJ818351,,,,,,,,SIM,,,,2019-04-01 00:00:00,,RJ818351|Lei 3.578 de 2001 - Diferimento|01042019|,,
RJ820352,,,SIM,,,,,,,SIM,,2019-04-01 00:00:00,,RJ820352|Lei 3.916 de 2002 - Redução de alíquota|01042019|,,
RJ818353,,,,,,,,SIM,,,,2019-04-01 00:00:00,,RJ818353|Lei 4.164 de 2003 - Diferimento|01042019|,,
RJ801354,,,,SIM,SIM,,,,,,,2019-04-01 00:00:00,,RJ801354|Lei 4.166 de 2003 - Isenção|01042019|,,
RJ820355,,,SIM,,,,,,,SIM,,2019-04-01 00:00:00,,RJ820355|Lei 4.169 de 2003 - Redução de alíquota|01042019|,,
RJ818355,,,,,,,,SIM,,,,2019-04-01 00:00:00,,RJ818355|Lei 4.169 de 2003 - Diferimento|01042019|,,
RJ805355,,,,,,,,,,,,2019-04-01 00:00:00,,RJ805355|Lei 4.169 de 2003 - Crédito Presumido|01042019|,,
RJ808355,,,,,,,,,,,,2019-04-01 00:00:00,,RJ808355|Lei 4.169 de 2003 - Ampliação de prazo de pagamento|01042019|,,
RJ818356,,,,,,,,SIM,,,,2019-04-01 00:00:00,,RJ818356|Lei 4.170 de 2003 - Diferimento|01042019|,,
RJ818357,,,,,,,,SIM,,,,2019-04-01 00:00:00,,RJ818357|Lei 4.173 de 2003 - Diferimento|01042019|,,
RJ805357,,,,,,,,,,,,2019-04-01 00:00:00,,RJ805357|Lei 4.173 de 2003 - Crédito Presumido|01042019|,,
RJ802358,,,SIM,,,,,,,SIM,,2019-04-01 00:00:00,,RJ802358|Lei 4.174 de 2003 - Redução de Base de Cálculo|01042019|,,
RJ818358,,,,,,,,SIM,,,,2019-04-01 00:00:00,,RJ818358|Lei 4.174 de 2003 - Diferimento|01042019|,,
RJ805358,,,,,,,,,,,,2019-04-01 00:00:00,,RJ805358|Lei 4.174 de 2003 - Crédito Presumido|01042019|,,
RJ818359,,,,,,,,SIM,,,,2019-04-01 00:00:00,,RJ818359|Lei 4.177 de 2003 - Diferimento|01042019|,,
RJ801359,,,,SIM,SIM,,,,,,,2019-04-01 00:00:00,,RJ801359|Lei 4.177 de 2003 - Isenção|01042019|,,
RJ802359,,,SIM,,,,,,,SIM,,2019-04-01 00:00:00,,RJ802359|Lei 4.177 de 2003 - Redução de Base de Cálculo|01042019|,,
RJ805359,,,,,,,,,,,,2019-04-01 00:00:00,,RJ805359|Lei 4.177 de 2003 - Crédito Presumido|01042019|,,
RJ822359,,,,,,,,,,,,2019-04-01 00:00:00,,RJ822359|Lei 4.177 de 2003 - Tributação sobre Receita|01042019|,,
RJ802360,,,SIM,,,,,,,SIM,,2019-04-01 00:00:00,,RJ802360|Lei 4.178 de 2003 - Redução de Base de Cálculo|01042019|,,
RJ818360,,,,,,,,SIM,,,,2019-04-01 00:00:00,,RJ818360|Lei 4.178 de 2003 - Diferimento|01042019|,,
RJ805360,,,,,,,,,,,,2019-04-01 00:00:00,,RJ805360|Lei 4.178 de 2003 - Crédito Presumido|01042019|,,
RJ805361,,,,,,,,,,,,2019-04-01 00:00:00,,RJ805361|Lei 4.183 de 2003 - Crédito Presumido|01042019|,,
RJ818362,,,,,,,,SIM,,,,2019-04-01 00:00:00,,RJ818362|Lei 4.184 de 2003 - Diferimento|01042019|,,
RJ818363,,,,,,,,SIM,,,,2019-04-01 00:00:00,,RJ818363|Lei 4.189 de 2003 - Diferimento|01042019|,,
RJ805363,,,,,,,,,,,,2019-04-01 00:00:00,,RJ805363|Lei 4.189 de 2003 - Crédito Presumido|01042019|,,
RJ802364,,,SIM,,,,,,,SIM,,2019-04-01 00:00:00,,RJ802364|Lei 4.344 de 2004 - Redução de Base de Cálculo|01042019|,,
RJ801365,,,,SIM,SIM,,,,,,,2019-04-01 00:00:00,,RJ801365|Lei 4.485 de 2004 - Isenção|01042019|,,
RJ818366,,,,,,,,SIM,,,,2019-04-01 00:00:00,,RJ818366|Lei 4.529 de 2005 - Diferimento|01042019|,,
RJ803366,,,,,,,,,,,,2019-04-01 00:00:00,,RJ803366|Lei 4.529 de 2005 - Inexigibilidade de estorno de crédito|01042019|,,
RJ801366,,,,SIM,SIM,,,,,,,2019-04-01 00:00:00,,RJ801366|Lei 4.529 de 2005 - Isenção|01042019|,,
RJ820366,,,SIM,,,,,,,SIM,,2019-04-01 00:00:00,,RJ820366|Lei 4.529 de 2005 - Redução de alíquota|01042019|,,
RJ802366,,,SIM,,,,,,,SIM,,2019-04-01 00:00:00,,RJ802366|Lei 4.529 de 2005 - Redução de Base de Cálculo|01042019|,,
RJ821366,,,,,,,,,,,SIM,2019-04-01 00:00:00,,RJ821366|Lei 4.529 de 2005 - Transferência de saldo credor acumulado|01042019|,,
RJ818367,,,,,,,,SIM,,,,2019-04-01 00:00:00,2019-04-30 00:00:00,RJ818367|Lei 4.531 de 2005 - Diferimento|01042019|30042019,,
RJ822367,,,,,,,,,,,,2019-04-01 00:00:00,2019-04-30 00:00:00,RJ822367|Lei 4.531 de 2005 - Tributação sobre saída|01042019|30042019,,
RJ818368,,,,,,,,SIM,,,,2019-04-01 00:00:00,,RJ818368|Lei 5.592 de 2009 - Diferimento|01042019|,,
RJ821368,,,,,,,,,,,SIM,2019-04-01 00:00:00,,RJ821368|Lei 5.592 de 2009 - Transferência de saldo credor acumulado|01042019|,,
RJ821369,,,,,,,,,,,SIM,2019-04-01 00:00:00,,RJ821369|Lei 6.078 de 2011 - Transferência de saldo credor acumulado|01042019|,,
RJ818369,,,,,,,,SIM,,,,2019-04-01 00:00:00,,RJ818369|Lei 6.078 de 2011 - Diferimento|01042019|,,
RJ818370,,,,,,,,SIM,,,,2019-04-01 00:00:00,,RJ818370|Lei 6.108 de 2011 - Diferimento|01042019|,,
RJ821370,,,,,,,,,,,SIM,2019-04-01 00:00:00,,RJ821370|Lei 6.108 de 2011 - Transferência de saldo credor acumulado|01042019|,,
RJ803371,,,,,,,,,,,,2019-04-01 00:00:00,,RJ803371|Lei 6.331 de 2012 - Inexigibilidade de estorno de crédito|01042019|,,
RJ822371,,,,,,,,,,,,2019-04-01 00:00:00,,RJ822371|Lei 6.331 de 2012 - Tributação sobre saída|01042019|,,
RJ818371,,,,,,,,SIM,,,,2019-04-01 00:00:00,,RJ818371|Lei 6.331 de 2012 - Diferimento|01042019|,,
RJ802372,,,SIM,,,,,,,SIM,,2019-04-01 00:00:00,,RJ802372|Lei 6.648 de 2013 - Redução de Base de Cálculo|01042019|,,
RJ818373,,,,,,,,SIM,,,,2019-04-01 00:00:00,,RJ818373|Lei 6.662 de 2014 - Diferimento|01042019|,,
RJ821373,,,,,,,,,,,SIM,2019-04-01 00:00:00,,RJ821373|Lei 6.662 de 2014 - Transferência de saldo credor acumulado|01042019|,,
RJ802374,,,SIM,,,,,,,SIM,,2019-04-01 00:00:00,,RJ802374|Lei 6.821 de 2014 - Redução de Base de Cálculo|01042019|,,
RJ803375,,,,,,,,,,,,2019-04-01 00:00:00,,RJ803375|Lei 6.868 de 2014 - Inexigibilidade de estorno de crédito|01042019|,,
RJ818375,,,,,,,,SIM,,,,2019-04-01 00:00:00,,RJ818375|Lei 6.868 de 2014 - Diferimento|01042019|,,
RJ822375,,,,,,,,,,,,2019-04-01 00:00:00,,RJ822375|Lei 6.868 de 2014 - Tributação sobre Faturamento|01042019|,,
RJ821376,,,,,,,,,,,SIM,2019-04-01 00:00:00,,RJ821376|Lei 6.953 de 2015 - Transferência de saldo credor acumulado|01042019|,,
RJ818376,,,,,,,,SIM,,,,2019-04-01 00:00:00,,RJ818376|Lei 6.953 de 2015 - Diferimento|01042019|,,
RJ822377,,,,,,,,,,,,2019-04-01 00:00:00,,RJ822377|Lei 6.979 de 2015 - Tributação sobre saída|01042019|,,
RJ818377,,,,,,,,SIM,,,,2019-04-01 00:00:00,,RJ818377|Lei 6.979 de 2015 - Diferimento|01042019|,,
RJ823377,,,,,,,,,,,,2019-04-01 00:00:00,,RJ823377|Lei 6.979 de 2015 - Suspensão|01042019|,,
RJ801377,,,,SIM,SIM,,,,,,,2019-04-01 00:00:00,,RJ801377|Lei 6.979 de 2015 - Isenção|01042019|,,
RJ801378,,,,SIM,SIM,,,,,,,2019-04-01 00:00:00,,RJ801378|Lei 7.122 de 2015 - Isenção|01042019|,,
RJ820379,,,SIM,,,,,,,SIM,,2019-04-01 00:00:00,,"RJ820379|Lei 2.657/1996, art.14, inciso IX de 1996 - Redução de alíquota|01042019|",,
RJ803379,,,,,,,,,,,,2019-04-01 00:00:00,2019-04-01 00:00:00,"RJ803379|Lei 2.657/1996, art.14, inciso IX de 1996 - Inexigibilidade de estorno de crédito|01042019|01042019",,
RJ820380,,,SIM,,,,,,,SIM,,2019-04-01 00:00:00,,"RJ820380|Lei 2.657/1996, art.14, inciso VI, alínea d de 1996 - Redução de alíquota|01042019|",,
RJ820381,,,SIM,,,,,,,SIM,,2019-04-01 00:00:00,,"RJ820381|Lei 2.657/1996, art.14, inciso XIII, alínea b de 1996 - Redução de alíquota|01042019|",,
RJ803382,,,,,,,,,,,,2019-04-01 00:00:00,2019-04-01 00:00:00,"RJ803382|Lei 2.657/1996, art.14, inciso XVI de 1996 - Inexigibilidade de estorno de crédito|01042019|01042019",,
RJ820382,,,SIM,,,,,,,SIM,,2019-04-01 00:00:00,,"RJ820382|Lei 2.657/1996, art.14, inciso XVI de 1996 - Redução de alíquota|01042019|",,
RJ820383,,,SIM,,,,,,,SIM,,2019-04-01 00:00:00,,"RJ820383|Lei 2.657/1996, art.14, inciso XXV de 1996 - Redução de alíquota|01042019|",,
RJ802384,,,SIM,,,,,,,SIM,,2019-04-01 00:00:00,,"RJ802384|Lei 2.657/96, Art. 4º de 1996 - Redução de Base de Cálculo|01042019|",,
RJ823385,,,,,,,,,,,,2019-04-01 00:00:00,,RJ823385|Protocolo ICMS 22 de 1999 - Suspensão|01042019|,,
RJ818386,,,,,,,,SIM,,,,2019-04-01 00:00:00,,RJ818386|Resolução SEEF 2.286 de 1993 - Diferimento|01042019|,,
RJ818387,,,,,,,,SIM,,,,2019-04-01 00:00:00,,RJ818387|Resolução SEEF 2.397 de 1994 - Diferimento|01042019|,,
RJ823388,,,,,,,,,,,,2019-04-01 00:00:00,,RJ823388|Resolução SEF 1.606 de 1989 - Suspensão|01042019|,,
RJ818389,,,,,,,,SIM,,,,2019-04-01 00:00:00,,RJ818389|Resolução SEF 1.607 de 1989 - Diferimento|01042019|,,
RJ818390,,,,,,,,SIM,,,,2019-04-01 00:00:00,,RJ818390|Resolução SEF 1.610 de 1989 - Diferimento|01042019|,,
RJ818391,,,,,,,,SIM,,,,2019-04-01 00:00:00,,RJ818391|Resolução SEF 1.649 de 1989 - Diferimento|01042019|,,
RJ818392,,,,,,,,SIM,,,,2019-04-01 00:00:00,,RJ818392|Resolução SEF 6.484 de 2002 - Diferimento|01042019|,,
RJ818393,,,,,,,,SIM,,,,2019-04-01 00:00:00,2019-11-30 00:00:00,RJ818393|Resolução SEFAZ 726 de 2014 - Diferimento|01042019|,,
RJ818394,,,,,,,,SIM,,,,2019-04-01 00:00:00,,RJ818394|Resolução SER 84 de 2004 - Diferimento|01042019|,,
RJ818395,,,,,,,,SIM,,,,2019-04-01 00:00:00,2019-07-31 00:00:00,RJ818395|Resolução SER 319 de 2006 - Diferimento|01042019|,,
RJ801396,,,,SIM,SIM,,,,,,,2019-04-01 00:00:00,,RJ801396|Convênio ICMS 63 de 2008 - Isenção|01042019|,,
RJ818397,,,,,,,,SIM,,,,2019-04-01 00:00:00,,RJ818397|Decreto 43.117 de 2011 - Diferimento|01042019|,,
RJ801397,,,,SIM,SIM,,,,,,,2019-04-01 00:00:00,,RJ801397|Decreto 43.117 de 2011 - Isenção|01042019|,,
RJ801398,,,,SIM,SIM,,,,,,,2019-04-01 00:00:00,,RJ801398|Lei 3.266 de 1999 - Isenção|01042019|,,
RJ802399,,,SIM,,,,,,,SIM,,2019-04-01 00:00:00,,RJ802399|Convênio 5  de 2018 - Redução de Base de Cálculo|01042019|,,
RJ803399,,,,,,,,,,,,2019-04-01 00:00:00,,RJ803399|Convênio 5  de 2018 - Inexigibilidade de estorno de crédito|01042019|,,
RJ805400,,,,,,,,,,,,2019-04-01 00:00:00,,RJ805400|Convênio 64 de 2006 - Crédito Presumido|01042019|,,
RJ819401,,,,SIM,,,,,,,,2019-08-01 00:00:00,2019-08-31 00:00:00,RJ819401|Convênio 83 de 2000 - Não incidência|01082019|,,
RJ805402,,,,,,,,,,,,2019-07-01 00:00:00,,RJ805402|Lei 8489 de 2019 - Crédito Presumido|01072019|,,
RJ802402,,,SIM,,,,,,,SIM,,2019-07-01 00:00:00,,RJ802402|Lei 8489 de 2019 - Redução de Base de Cálculo|01072019|,,
RJ818403,,,,,,,,SIM,,,,2019-04-01 00:00:00,,"RJ818403|Decreto  38.501/2005, §§ 2º e 3º do art. 3º. de 2005 - Diferimento|01042019|",,
RJ823404,,,,,,,,,,,,2019-04-01 00:00:00,,RJ823404|Ajuste SINIEF 2 de 2018 - Suspensão|01042019|,,
RJ818405,,,,,,,,SIM,,,,2019-04-01 00:00:00,2019-07-31 00:00:00,RJ818405|Decreto 46.079 de 2017 - Diferimento|01042019|31072019,,
RJ805406,,,,,,,,,,,,2019-07-01 00:00:00,,"RJ805406|Lei 8.482/2019, art. 1º inciso V de 2019 - Crédito Presumido|01072019|",,
RJ800000,,,SIM,SIM,SIM,,,SIM,,SIM,SIM,2019-08-27 00:00:00,2019-09-30 00:00:00,RJ800000 - Devolução interestadual - benefício fiscal aplicado em outra UF ,,
RJ818407,,,,,,,,SIM,,,,2019-07-01 00:00:00,,RJ818407|Decreto  46.629 de 2019 - Diferimento|01072019|,,
RJ802408,,,SIM,,,,,,,SIM,,2019-07-01 00:00:00,,RJ802408|Decreto  46.680 de 2019 - Redução de Base de Cálculo|01072019|,,
RJ818367,,,,,,,,SIM,,,,2019-04-01 00:00:00,,RJ818367|Lei  4.531 de 2005 - Diferimento|01042019|,,
RJ822367,,,,,,,,,,,,2019-04-01 00:00:00,,RJ822367|Lei  4.531 de 2005 - Tributação sobre saída|01042019|,,
RJ802409,,,SIM,,,,,,,SIM,,2019-04-01 00:00:00,,RJ802409|Convênio 6 de 2009 - Redução de Base de Cálculo|01042019|,,
RJ818410,,,,,,,,SIM,,,,2019-04-01 00:00:00,,RJ818410|Ajuste SINIEF 13 de 2017 - Diferimento|01042019|,,
RJ818411,,,,,,,,SIM,,,,2019-11-01 00:00:00,,RJ818411|Decreto 46793 de 2019 - Diferimento|01112019|,,
RJ805411,,,,,,,,,,,,2019-11-01 00:00:00,,RJ805411|Decreto 46793 de 2019 - Crédito Presumido|01112019|,,
RJ802411,,,SIM,,,,,,,SIM,,2019-11-01 00:00:00,,RJ802411|Decreto 46793 de 2019 - Redução de Base de Cálculo|01112019|,,
RJ818412,,,,,,,,SIM,,,,2019-12-01 00:00:00,,RJ818412|Decreto 46.781 de 2019 - Diferimento|01122019|,,
RJ818413,,,,,,,,SIM,,,,2019-12-01 00:00:00,,RJ818413|Decreto 46.799 de 2019 - Diferimento|01122019|,,
RJ802414,,,SIM,,,,,,,SIM,,2019-12-01 00:00:00,,RJ802414|Convênio ICMS 188 de 2017 - Redução de Base de Cálculo|01122019|,,
